Unnamed: 0,Code,ISU_CD,Name,Market,Dept,Close,ChangeCode,Changes,ChagesRatio,Open,High,Low,Volume,Amount,Marcap,Stocks,MarketId
0,005930,KR7005930003,삼성전자,KOSPI,,270000,1,14500,5.68,267000,270000,264000,18314016,4900114076282,1578495224160000,5846278608,STK
1,000660,KR7000660001,SK하이닉스,KOSPI,,1783000,1,136000,8.26,1737000,1783000,1733000,3480094,6113151729957,1302467886795000,730492365,STK
3,402340,KR7402340004,SK스퀘어,KOSPI,,1125000,1,84000,8.07,1105000,1125000,1089000,543798,603365337500,148414497750000,131923998,STK
4,009150,KR7009150004,삼성전기,KOSPI,,1454000,1,53000,3.78,1450000,1464000,1410000,548317,788574667300,108604633984000,74693696,STK
5,373220,KR7373220003,LG에너지솔루션,KOSPI,,362500,1,4000,1.12,360500,364000,355500,177376,64099418250,84825000000000,234000000,STK
6,005380,KR7005380001,현대차,KOSPI,,393000,1,9500,2.48,389500,395000,386500,431118,168525629250,80469802038000,204757766,STK
7,207940,KR7207940008,삼성바이오로직스,KOSPI,,1466000,1,19000,1.31,1455000,1466000,1446000,32116,46707718500,67862534166000,46290951,STK
8,032830,KR7032830002,삼성생명,KOSPI,,312000,1,14500,4.87,307500,313000,306000,258722,80313271500,62400000000000,200000000,STK
9,105560,KR7105560007,KB금융,KOSPI,,175900,1,3900,2.27,173700,176100,172800,645124,112966447550,62389572410600,354687734,STK
10,028260,KR7028260008,삼성물산,KOSPI,,384000,1,17000,4.63,378000,385000,368500,278019,105766309250,62272351104000,162167581,STK
11,034020,KR7034020008,두산에너빌리티,KOSPI,,87900,1,8700,10.98,80200,89400,79000,6221607,531927836150,56305324733400,640561146,STK
12,012450,KR7012450003,한화에어로스페이스,KOSPI,,1039000,2,-16000,-1.52,1078000,1078000,1030000,115095,119839876500,53574373639000,51563401,STK
13,055550,KR7055550008,신한지주,KOSPI,,113900,1,3600,3.26,114300,114700,111400,757871,86175601800,53470382222100,469450239,STK
14,000270,KR7000270009,기아,KOSPI,,128400,1,1900,1.5,128300,128400,126200,719881,91686452550,50129028943200,390412998,STK
15,329180,KR7329180004,HD현대중공업,KOSPI,,449000,1,12500,2.86,441500,453000,434500,228821,101229256000,47127590025000,104961225,STK
16,034730,KR7034730002,SK,KOSPI,,611000,1,38000,6.63,595000,623000,595000,143542,87168058000,44299151533000,72502703,STK
17,006400,KR7006400006,삼성SDI,KOSPI,,541000,2,-7000,-1.28,554000,554000,539000,362006,196741045500,43596771730000,80585530,STK
18,068270,KR7068270008,셀트리온,KOSPI,,186300,2,-1800,-0.96,188900,190000,185100,408399,76107937650,43336579888800,232617176,STK
19,012330,KR7012330007,현대모비스,KOSPI,,432000,1,10000,2.37,428500,436000,425500,212732,91822971922,38802492720000,89820585,STK
20,086790,KR7086790003,하나금융지주,KOSPI,,138900,1,4600,3.43,137100,139300,135200,542042,74850263200,38109680197200,274367748,STK
21,066570,KR7066570003,LG전자,KOSPI,,214000,1,12500,6.2,212500,225500,212500,1672760,366263429750,34857312532000,162884638,STK
22,035420,KR7035420009,NAVER,KOSPI,,218000,1,4500,2.11,216000,219500,213500,564721,122677163250,33152675038000,152076491,STK
23,010120,KR7010120004,LS ELECTRIC,KOSPI,,207000,1,11700,5.99,201000,208000,199900,412578,84226349650,31050000000000,150000000,STK
24,000810,KR7000810002,삼성화재,KOSPI,,656000,2,-7000,-1.06,662000,672000,653000,98683,64901667460,29288742288000,44647473,STK
25,298040,KR7298040007,효성중공업,KOSPI,,2965000,1,233000,8.53,2795000,2970000,2782000,50834,146974588000,27647284820000,9324548,STK
26,267260,KR7267260008,HD현대일렉트릭,KOSPI,,763000,1,49000,6.86,728000,767000,721000,92183,69044985000,27503964005000,36047135,STK
27,042660,KR7042660001,한화오션,KOSPI,,87300,1,500,0.58,87100,87800,85900,515652,44802694300,26749889296200,306413394,STK
28,005490,KR7005490008,POSCO홀딩스,KOSPI,,335500,2,-1500,-0.45,339000,340000,332500,196547,65743212250,26585532308500,79241527,STK
29,010130,KR7010130003,고려아연,KOSPI,,1224000,1,2000,0.16,1235000,1235000,1215000,16102,19707186000,25548514056000,20872969,STK
30,316140,KR7316140003,우리금융지주,KOSPI,,34200,1,1000,3.01,33650,34300,33250,2524372,85524037125,25198100249400,736786557,STK
31,009540,KR7009540006,HD한국조선해양,KOSPI,,351500,1,3000,0.86,350000,354500,341500,98515,34365373250,24876750274000,70773116,STK
32,096770,KR7096770003,SK이노베이션,KOSPI,,137900,2,-400,-0.29,138400,139500,135700,551991,75983541300,23312379465200,169052788,STK
33,042700,KR7042700005,한미반도체,KOSPI,,240500,1,10500,4.57,241500,248500,237500,732981,177429319250,22922584100000,95312200,STK
34,138040,KR7138040001,메리츠금융지주,KOSPI,,133700,2,-1800,-1.33,137000,137000,131800,168321,22396174400,22374330400100,167347273,STK
35,015760,KR7015760002,한국전력,KOSPI,,32750,1,600,1.87,32350,32900,31800,1388073,44959578550,21024323521750,641964077,STK
36,000150,KR7000150003,두산,KOSPI,,1271000,1,129000,11.3,1206000,1273000,1195000,101468,125661676500,20582364285000,16193835,STK
37,011200,KR7011200003,HMM,KOSPI,,21450,1,400,1.9,21300,21500,21100,733323,15641911225,20232454456500,943237970,STK
38,017670,KR7017670001,SK텔레콤,KOSPI,,93800,1,1300,1.41,93100,93800,91700,603987,56137749700,20147306971400,214790053,STK
40,051910,KR7051910008,LG화학,KOSPI,,279500,2,-2500,-0.89,285000,285000,277000,128621,35966912500,19730559868500,70592343,STK
41,267250,KR7267250009,HD현대,KOSPI,,243500,1,3000,1.25,243500,250000,238000,108845,26463498250,19234816197500,78993085,STK
42,006800,KR7006800007,미래에셋증권,KOSPI,,34700,1,250,0.73,34750,35000,34000,800891,27567240300,18842830469700,543021051,STK
43,010140,KR7010140002,삼성중공업,KOSPI,,21400,3,0,0.0,21400,21450,21000,2410842,51204440675,18832000000000,880000000,STK
44,003550,KR7003550001,LG,KOSPI,,124500,1,3400,2.81,123000,125700,123000,366121,45702569700,18823404498000,151192004,STK
45,018260,KR7018260000,삼성에스디에스,KOSPI,,242500,1,4500,1.89,239500,243000,238000,144710,34906040250,18764116500000,77377800,STK
46,010950,KR7010950004,S-Oil,KOSPI,,157600,1,300,0.19,157000,158900,155100,199084,31306835150,17743048019200,112582792,STK
47,033780,KR7033780008,KT&G,KOSPI,,170300,2,-2200,-1.28,174000,174000,169400,218947,37345188250,17678920656800,103810456,STK
48,024110,KR7024110009,기업은행,KOSPI,,20900,1,200,0.97,20800,21000,20750,581591,12145093100,16666200662100,797425869,STK
49,003670,KR7003670007,포스코퓨처엠,KOSPI,,182600,2,-1000,-0.54,183900,184900,180300,174554,31978365550,16241579772000,88946220,STK
50,035720,KR7035720002,카카오,KOSPI,,36550,1,350,0.97,36550,36700,35850,1290361,46846305800,16191646454650,442999903,STK
51,086280,KR7086280005,현대글로비스,KOSPI,,210000,1,4000,1.94,208500,216000,205500,137240,28843561500,15750000000000,75000000,STK
52,079550,KR7079550000,LIG디펜스앤에어로스페이스,KOSPI,,659000,1,7000,1.07,671000,686000,657000,82583,55001630000,14498000000000,22000000,STK
53,278470,KR7278470000,에이피알,KOSPI,,384000,2,-10000,-2.54,396000,397000,381000,292843,113136250000,14376251520000,37438155,STK
54,000720,KR7000720003,현대건설,KOSPI,,126900,1,7200,6.02,119400,128700,117600,812263,101108385100,14131046578500,111355765,STK
55,064350,KR7064350002,현대로템,KOSPI,,127200,1,400,0.32,129100,129200,124300,371250,46953090100,13882899669600,109142293,STK
56,011070,KR7011070000,LG이노텍,KOSPI,,586000,1,24000,4.27,575000,594000,575000,160393,94124180500,13868924702000,23667107,STK
57,030200,KR7030200000,KT,KOSPI,,54900,1,600,1.1,54500,55400,54200,267545,14658615400,13835990506500,252021685,STK
58,272210,KR7272210006,한화시스템,KOSPI,,70600,1,1800,2.62,69900,70900,69200,203839,14325852150,13337708863400,188919389,STK
59,047810,KR7047810007,한국항공우주,KOSPI,,129400,1,2900,2.29,127500,130600,126600,235919,30544832450,12613278845800,97475107,STK
60,005830,KR7005830005,DB손해보험,KOSPI,,192400,2,-3300,-1.69,197300,197600,190000,156143,29956859050,12602267147600,65500349,STK
61,078930,KR7078930005,GS,KOSPI,,125600,1,1700,1.37,125000,126300,121300,296078,36936816300,11667674172000,92895495,STK
63,003490,KR7003490000,대한항공,KOSPI,,30350,1,150,0.5,30350,30900,29900,3171278,96201769125,11175497061350,368220661,STK
64,307950,KR7307950006,현대오토에버,KOSPI,,402000,1,7000,1.77,401000,404000,395500,42390,16949174250,11024440764000,27423982,STK
65,071050,KR7071050009,한국금융지주,KOSPI,,190900,1,2100,1.11,191200,191700,188000,98153,18668740100,10638091872800,55725992,STK
66,323410,KR7323410001,카카오뱅크,KOSPI,,22050,1,100,0.46,22150,22150,21700,546187,11997641325,10520505635850,477120437,STK
68,003230,KR7003230000,삼양식품,KOSPI,,1330000,2,-87000,-6.14,1388000,1388000,1302000,116246,153766930000,10018909950000,7533015,STK
69,259960,KR7259960003,크래프톤,KOSPI,,218000,1,1500,0.69,216500,219000,213000,87929,18973365250,9973051574000,45747943,STK
70,180640,KR7180640005,한진칼,KOSPI,,148900,1,2900,1.99,144700,149300,137000,159342,22860397800,9940903343100,66762279,STK
71,005940,KR7005940002,NH투자증권,KOSPI,,26900,1,250,0.94,26800,26900,26550,240220,6433848350,9931644224500,369206105,STK
72,006260,KR7006260004,LS,KOSPI,,316500,1,17000,5.68,307000,319500,305500,89020,27999121500,9874800000000,31200000,STK
73,047050,KR7047050000,포스코인터내셔널,KOSPI,,54700,3,0,0.0,56200,56200,54500,355056,19497536950,9622976503600,175922788,STK
74,443060,KR7443060009,HD현대마린솔루션,KOSPI,,212000,1,1500,0.71,215000,216000,207500,50435,10654885500,9504693520000,44833460,STK
75,028050,KR7028050003,삼성E&A,KOSPI,,48000,1,2150,4.69,45900,48300,45050,1302191,61240893125,9408000000000,196000000,STK
76,0126Z0,KR70126Z0002,삼성에피스홀딩스,KOSPI,,360000,1,4000,1.12,359500,362000,355500,26873,9628438750,8957897640000,24883049,STK
79,090430,KR7090430000,아모레퍼시픽,KOSPI,,140800,2,-2500,-1.74,143100,143100,138800,223947,31491406150,8235780467200,58492759,STK
80,007660,KR7007660004,이수페타시스,KOSPI,,111900,1,800,0.72,115100,118000,110600,467161,52598622950,8214491606100,73409219,STK
81,161390,KR7161390000,한국타이어앤테크놀로지,KOSPI,,65400,3,0,0.0,65500,66000,64000,180174,11651595050,8101429512600,123875069,STK
82,016360,KR7016360000,삼성증권,KOSPI,,87700,1,900,1.04,87600,87800,87000,149782,13097883300,7831610000000,89300000,STK
83,352820,KR7352820005,하이브,KOSPI,,180800,1,2300,1.29,179600,181200,178500,133270,23999615550,7793715948800,43106836,STK
84,047040,KR7047040001,대우건설,KOSPI,,18410,1,1560,9.26,16870,18550,16590,9310431,165205310285,7564809615580,410907638,STK
85,000880,KR7000880005,한화,KOSPI,,139000,1,1600,1.16,138900,141900,134800,129033,17847693850,7412716683000,53328897,STK
86,064400,KR7064400005,LG씨엔에스,KOSPI,,76300,1,2200,2.97,75500,77200,75100,602550,45987333800,7392397832400,96885948,STK
87,039490,KR7039490008,키움증권,KOSPI,,272500,1,2000,0.74,273500,276000,269000,42664,11611422250,7147216110000,26228316,STK
88,000500,KR7000500009,가온전선,KOSPI,,234500,1,22500,10.61,217000,248000,215000,511647,119703212500,6982848841500,29777607,STK
89,021240,KR7021240007,코웨이,KOSPI,,97700,2,-1700,-1.71,99900,100100,96500,113972,11113130450,6913977520200,70767426,STK
90,267270,KR7267270007,HD건설기계,KOSPI,,140000,3,0,0.0,139900,142600,138100,171522,24002592200,6709065580000,47921897,STK
91,009830,KR7009830001,한화솔루션,KOSPI,,29650,2,-400,-1.33,30400,30400,28950,2633108,77959241875,6668063692400,224892536,STK
92,326030,KR7326030004,SK바이오팜,KOSPI,,85000,2,-1600,-1.85,86200,86400,84200,120957,10269450350,6656626250000,78313250,STK
94,032640,KR7032640005,LG유플러스,KOSPI,,15090,1,330,2.24,14900,15090,14870,566112,8487302710,6404614475880,424427732,STK
95,377300,KR7377300009,카카오페이,KOSPI,,46750,2,-550,-1.16,47050,47250,46350,157969,7376277975,6323998023750,135272685,STK
96,241560,KR7241560002,두산밥캣,KOSPI,,63700,1,900,1.43,63600,63800,62400,84631,5349789300,6106031340500,95856065,STK
97,062040,KR7062040001,산일전기,KOSPI,,198900,1,7200,3.76,195900,200000,194000,308845,61072371500,6094862865000,30642850,STK
98,128940,KR7128940004,한미약품,KOSPI,,475500,1,2000,0.42,470500,475500,457000,96972,45294702000,6091626220500,12810991,STK
99,000100,KR7000100008,유한양행,KOSPI,,80700,2,-700,-0.86,82000,82000,80000,178343,14370596600,5940793526700,73615781,STK
100,175330,KR7175330000,JB금융지주,KOSPI,,31400,1,400,1.29,31450,31900,30950,501549,15751011050,5856785273600,186521824,STK
103,001440,KR7001440007,대한전선,KOSPI,,28650,1,1250,4.56,27950,29050,27750,1189676,33997545775,5615187875400,195992596,STK
104,029780,KR7029780004,삼성카드,KOSPI,,46650,1,500,1.08,46300,46650,46050,65393,3033495325,5404817265150,115858891,STK
106,353200,KR7353200009,대덕전자,KOSPI,,103600,1,4100,4.12,102900,106100,102100,883784,91666987800,5119593430000,49416925,STK
107,088350,KR7088350004,한화생명,KOSPI,,5890,1,150,2.61,5810,5930,5730,3427917,20003593065,5115641700000,868530000,STK
108,271560,KR7271560005,오리온,KOSPI,,123000,2,-3300,-2.61,126400,126500,122200,121608,14986707100,4862040924000,39528788,STK
109,138930,KR7138930003,BNK금융지주,KOSPI,,15800,1,410,2.66,15580,15860,15440,739913,11620875810,4848068065800,306839751,STK
110,036570,KR7036570000,NC,KOSPI,,223000,1,1000,0.45,224000,228000,219500,78434,17508852000,4804316906000,21544022,STK
111,088980,KR7088980008,맥쿼리인프라,KOSPI,,9910,2,-10,-0.1,9920,9930,9850,611180,6048853900,4746116950630,478921993,STK
112,052690,KR7052690005,한전기술,KOSPI,,122300,1,14700,13.66,107900,128200,105500,912549,109550472500,4674306000000,38220000,STK
113,066970,KR7066970005,엘앤에프,KOSPI,,114500,2,-6800,-5.61,121800,124600,114400,794428,95110215900,4658393799000,40684662,STK
114,034220,KR7034220004,LG디스플레이,KOSPI,,9210,1,80,0.88,9280,9420,9190,2628696,24349682710,4605000000000,500000000,STK
115,454910,KR7454910001,두산로보틱스,KOSPI,,70400,1,2000,2.92,69500,72700,69100,392566,27834464100,4563326592000,64819980,STK
120,051900,KR7051900009,LG생활건강,KOSPI,,293000,2,-1000,-0.34,295000,296000,287000,56399,16462699500,4387828239000,14975523,STK
122,000990,KR7000990002,DB하이텍,KOSPI,,100800,1,10900,12.12,95000,103500,94000,736213,74271380800,4385262470400,43504588,STK
123,011790,KR7011790003,SKC,KOSPI,,88000,1,3700,4.39,86800,89400,85700,130059,11405982800,4364650224000,49598298,STK
124,001450,KR7001450006,현대해상,KOSPI,,51000,2,-100,-0.2,51000,51200,50100,258126,13093425900,4347660750000,85248250,STK
125,004020,KR7004020004,현대제철,KOSPI,,32400,1,900,2.86,32500,32800,31500,728087,23509756725,4323643434000,133445785,STK
126,002380,KR7002380004,KCC,KOSPI,,498500,1,16500,3.42,493000,502000,486000,19019,9410524942,4283558656000,8592896,STK
127,010060,KR7010060002,OCI홀딩스,KOSPI,,222000,2,-5500,-2.42,231500,232000,215000,523246,116321839250,4144791504000,18670232,STK
131,001040,KR7001040005,CJ,KOSPI,,132700,1,1300,0.99,131900,132700,129200,85287,11190780900,3871787634600,29176998,STK
132,082740,KR7082740002,한화엔진,KOSPI,,45900,1,300,0.66,45850,46250,45050,393813,17946255500,3830223817800,83447142,STK
134,004170,KR7004170007,신세계,KOSPI,,396500,1,14000,3.66,385000,398000,379500,80766,31508569250,3745014266500,9445181,STK
137,008930,KR7008930000,한미사이언스,KOSPI,,54200,1,1400,2.65,52500,54600,49950,423833,22037354400,3706822010000,68391550,STK
138,018880,KR7018880005,한온시스템,KOSPI,,3555,1,30,0.85,3565,3585,3515,2085531,7409961256,3648363372360,1026262552,STK
141,161890,KR7161890009,한국콜마,KOSPI,,144300,2,-1500,-1.03,145400,146300,142000,287101,41255505050,3406212611100,23605077,STK
142,103590,KR7103590006,일진전기,KOSPI,,70600,1,2300,3.37,69800,71400,69200,221588,15644494750,3366588534000,47685390,STK
144,022100,KR7022100002,포스코DX,KOSPI,,22050,1,400,1.85,21750,22150,21400,271030,5923791875,3352365774450,152034729,STK
145,111770,KR7111770004,영원무역,KOSPI,,75100,1,100,0.13,75800,76400,74000,44758,3338996350,3327791246800,44311468,STK
147,336260,KR7336260005,두산퓨얼셀,KOSPI,,49900,1,6050,13.8,45650,55000,45650,3298077,169417706425,3268136927400,65493726,STK
148,036460,KR7036460004,한국가스공사,KOSPI,,35100,3,0,0.0,35150,35150,34500,221625,7718755850,3240186300000,92313000,STK
149,028670,KR7028670008,팬오션,KOSPI,,6060,1,100,1.68,6100,6210,5910,3714675,22405418840,3239491242720,534569512,STK
150,023530,KR7023530009,롯데쇼핑,KOSPI,,112300,1,4800,4.47,107500,112600,106200,162910,18064142650,3176827186500,28288755,STK
151,011780,KR7011780004,금호석유화학,KOSPI,,126000,1,100,0.08,126200,126800,123400,70751,8858212650,3169822950000,25157325,STK
152,035250,KR7035250000,강원랜드,KOSPI,,14790,1,40,0.27,14870,14880,14680,205008,3024830365,3164179995000,213940500,STK
153,192820,KR7192820009,코스맥스,KOSPI,,274000,2,-1500,-0.54,276000,277500,268000,85236,23212844750,3109765466000,11349509,STK
155,031210,KR7031210008,서울보증보험,KOSPI,,43700,1,50,0.11,43650,44000,43000,85798,3753828647,3051203832600,69821598,STK
157,251270,KR7251270005,넷마블,KOSPI,,36300,3,0,0.0,36550,36650,35800,92675,3350054050,3018650827500,83158425,STK
158,375500,KR7375500006,DL이앤씨,KOSPI,,78000,1,4600,6.27,74100,78300,72000,581557,44429876650,3018102594000,38693623,STK
159,006360,KR7006360002,GS건설,KOSPI,,35200,1,950,2.77,34300,35600,33600,1183340,41506509900,3012468448000,85581490,STK
160,012750,KR7012750006,에스원,KOSPI,,79100,2,-100,-0.13,80200,80200,77700,42369,3336564750,3005734979800,37999178,STK
163,139130,KR7139130009,iM금융지주,KOSPI,,18650,1,530,2.92,18220,18690,18130,322798,5963224485,2953477559200,158363408,STK
164,017800,KR7017800004,현대엘리베이터,KOSPI,,75500,1,600,0.8,75200,75500,74200,59240,4451718450,2951475067500,39092385,STK
165,302440,KR7302440003,SK바이오사이언스,KOSPI,,37600,2,-300,-0.79,38150,38150,37500,65260,2461031675,2949966392800,78456553,STK
166,009420,KR7009420001,한올바이오파마,KOSPI,,55500,1,800,1.46,54500,55600,53500,159826,8769328100,2899355409000,52240638,STK
169,004800,KR7004800009,효성,KOSPI,,169200,1,10200,6.42,163800,169800,160200,16462,2730384100,2832476864400,16740407,STK
170,097950,KR7097950000,CJ제일제당,KOSPI,,182800,2,-600,-0.33,184300,184500,181700,53039,9670369200,2751905200800,15054186,STK
171,085620,KR7085620003,미래에셋생명,KOSPI,,19860,2,-60,-0.3,19950,20250,19600,167444,3328980215,2684674800000,135180000,STK
172,007340,KR7007340003,DN오토모티브,KOSPI,,45500,1,400,0.89,45850,46300,45050,92317,4191835425,2662244357500,58510865,STK
174,282330,KR7282330000,BGF리테일,KOSPI,,150200,1,2600,1.76,147600,150200,146500,30602,4549285800,2596042681200,17283906,STK
175,450080,KR7450080007,에코프로머티,KOSPI,,36500,1,650,1.81,36300,36700,35900,153870,5605174525,2584706255000,70813870,STK
176,003690,KR7003690005,코리안리,KOSPI,,14610,1,110,0.76,14500,14740,14330,218477,3179297120,2581894262910,176721031,STK
177,026960,KR7026960005,동서,KOSPI,,25500,1,50,0.2,25600,25700,25250,44120,1121902125,2542350000000,99700000,STK
179,004370,KR7004370003,농심,KOSPI,,415000,2,-15000,-3.49,424500,427000,411500,40153,16634957250,2524296430000,6082642,STK
180,011170,KR7011170008,롯데케미칼,KOSPI,,58800,2,-1200,-2.0,60000,60100,58200,139919,8218548450,2515194637200,42775419,STK
181,383220,KR7383220001,F&F,KOSPI,,65600,2,-1300,-1.94,66900,67200,64500,50266,3277522350,2512944120000,38307075,STK
182,489790,KR7489790006,한화비전,KOSPI,,49700,1,300,0.61,50600,51100,49150,133538,6660242400,2509272983000,50488390,STK
183,004990,KR7004990008,롯데지주,KOSPI,,24850,1,100,0.4,24950,25000,24500,82439,2037758100,2476644833600,99663776,STK
185,001720,KR7001720002,신영증권,KOSPI,,147700,2,-300,-0.2,149300,151000,147500,7184,1066416500,2428188000000,16440000,STK
188,005850,KR7005850003,에스엘,KOSPI,,51900,1,500,0.97,51900,52300,51500,40316,2092328200,2410678188000,46448520,STK
189,204320,KR7204320006,HL만도,KOSPI,,50200,1,1700,3.51,49200,50400,48950,299625,14931215575,2357247424000,46957120,STK
190,483650,KR7483650008,달바글로벌,KOSPI,,186700,2,-3900,-2.05,190800,191800,185900,183194,34343113300,2338588330500,12525915,STK
191,000240,KR7000240002,한국앤컴퍼니,KOSPI,,24550,3,0,0.0,25000,25000,24150,48306,1180666650,2330660142000,94935240,STK
193,279570,KR7279570006,케이뱅크,KOSPI,,5740,1,140,2.5,5600,5740,5600,961222,5453642455,2328690166740,405695151,STK
194,181710,KR7181710005,NHN,KOSPI,,70800,2,-700,-0.98,71200,72200,69100,131043,9246022550,2318922241200,32753139,STK
196,018670,KR7018670000,SK가스,KOSPI,,239500,1,1000,0.42,239000,243500,235000,6761,1630237250,2219983938000,9269244,STK
197,009970,KR7009970005,영원무역홀딩스,KOSPI,,170700,2,-200,-0.12,175600,175600,168500,9556,1626495550,2211216561900,12953817,STK
198,005440,KR7005440003,현대지에프홀딩스,KOSPI,,11970,1,60,0.5,11930,12090,11870,231230,2767994740,2195264472030,183397199,STK
199,030000,KR7030000004,제일기획,KOSPI,,19000,1,70,0.37,19000,19000,18850,194918,3688709260,2185783275000,115041225,STK
200,014680,KR7014680003,한솔케미칼,KOSPI,,202000,1,8900,4.61,198500,203500,195200,35304,7086953250,2180395272000,10794036,STK
201,081660,KR7081660003,미스토홀딩스,KOSPI,,40600,2,-800,-1.93,42150,42150,40100,69919,2830499100,2155528704000,53091840,STK
202,103140,KR7103140000,풍산,KOSPI,,76500,2,-1900,-2.42,79100,79400,76500,116410,8995001800,2143857267000,28024278,STK
203,051600,KR7051600005,한전KPS,KOSPI,,47350,1,1550,3.38,45850,47650,45600,105561,4946315100,2130750000000,45000000,STK
205,073240,KR7073240004,금호타이어,KOSPI,,7350,1,170,2.37,7230,7430,7150,1526379,11132268000,2111363109450,287260287,STK
206,069960,KR7069960003,현대백화점,KOSPI,,97700,1,1500,1.56,97000,98400,95600,160258,15546359350,2106891902400,21564912,STK
208,007070,KR7007070006,GS리테일,KOSPI,,25100,2,-300,-1.18,25550,25600,24550,219995,5459290225,2098546116500,83607415,STK
212,112610,KR7112610001,씨에스윈드,KOSPI,,49000,1,2050,4.37,47400,49900,46600,371907,17972500850,2066398747000,42171403,STK
215,139480,KR7139480008,이마트,KOSPI,,74200,1,700,0.95,73600,74400,73300,74045,5468532300,2047609769800,27595819,STK
217,002790,KR7002790004,아모레퍼시픽홀딩스,KOSPI,,26450,1,50,0.19,26450,26500,25950,50508,1325601675,2022318861000,76458180,STK
218,457190,KR7457190007,이수스페셜티케미컬,KOSPI,,65900,1,2600,4.11,65600,67200,64700,119126,7863469850,1991423664800,30218872,STK
219,020150,KR7020150009,롯데에너지머티리얼즈,KOSPI,,37850,1,1000,2.71,36900,38350,36450,153683,5794147100,1982032774550,52365463,STK
224,462870,KR7462870007,시프트업,KOSPI,,31550,2,-300,-0.94,31750,31800,31000,33524,1052366175,1853306629500,58741890,STK
226,089860,KR7089860001,롯데렌탈,KOSPI,,50300,2,-600,-1.18,50200,51800,50000,58921,2958537050,1826362216400,36309388,STK
227,439260,KR7439260001,대한조선,KOSPI,,47900,1,950,2.02,47250,47900,46350,54253,2566229975,1824450167000,38088730,STK
230,475150,KR7475150009,SK이터닉스,KOSPI,,52100,1,100,0.19,52600,53400,51700,829939,43394100850,1774890908400,34067004,STK
231,071970,KR7071970008,HD현대마린엔진,KOSPI,,51200,1,1000,1.99,50400,51300,49800,82518,4177017700,1736780544000,33921495,STK
234,000120,KR7000120006,CJ대한통운,KOSPI,,73700,1,300,0.41,74100,74100,73100,25187,1850877950,1681269752800,22812344,STK
235,008770,KR7008770000,호텔신라,KOSPI,,42650,1,450,1.07,42450,42850,42150,119190,5065179900,1673932360650,39248121,STK
236,020560,KR7020560009,아시아나항공,KOSPI,,8110,1,30,0.37,8080,8220,7750,200066,1618462535,1670584666210,205990711,STK
237,006040,KR7006040000,동원산업,KOSPI,,37800,2,-300,-0.79,38100,38450,37500,45503,1719398675,1668522958200,44140819,STK
238,120110,KR7120110002,코오롱인더,KOSPI,,55200,2,-600,-1.08,56300,56400,54500,176069,9714593000,1653020966400,29946032,STK
239,023590,KR7023590003,다우기술,KOSPI,,37950,2,-350,-0.91,38900,38900,37900,27492,1046233125,1642753490400,43287312,STK
244,011210,KR7011210002,현대위아,KOSPI,,58500,1,900,1.56,58000,58500,57600,43931,2556031400,1590912355500,27195083,STK
246,395400,KR7395400005,SK리츠,KOSPI,,5200,2,-180,-3.35,5380,5380,5200,210227,1105760580,1565291624000,301017620,STK
247,001120,KR7001120005,LX인터내셔널,KOSPI,,39900,2,-400,-0.99,40300,40400,39200,93017,3700415875,1546524000000,38760000,STK
248,322000,KR7322000001,HD현대에너지솔루션,KOSPI,,137500,2,-1400,-1.01,138900,141500,134200,173188,23729783350,1540000000000,11200000,STK
249,001800,KR7001800002,오리온홀딩스,KOSPI,,25550,3,0,0.0,25750,25800,25300,42081,1073285050,1537002458600,60156652,STK
250,294870,KR7294870001,IPARK현대산업개발,KOSPI,,23150,2,-150,-0.64,23300,23450,23000,100165,2326402800,1525754689500,65907330,STK
251,298020,KR7298020009,효성티앤씨,KOSPI,,348000,1,1000,0.29,349500,353000,340500,8714,3042572750,1506033336000,4327682,STK
253,006280,KR7006280002,녹십자,KOSPI,,127300,2,-300,-0.24,128800,128800,125700,13558,1719544800,1487696287400,11686538,STK
255,229640,KR7229640008,LS에코에너지,KOSPI,,47650,1,2050,4.5,46350,48650,45250,103948,4955291875,1459275484350,30624879,STK
257,001430,KR7001430008,세아베스틸지주,KOSPI,,40050,2,-2300,-5.43,42400,42450,39700,147605,5976363100,1436277865950,35862119,STK
258,097230,KR7097230007,HJ중공업,KOSPI,,15850,2,-260,-1.61,16150,16330,15850,233978,3753883020,1431181202400,90295344,STK
262,093370,KR7093370005,후성,KOSPI,,12900,1,400,3.2,12670,13220,12570,2144553,27887064260,1383593757000,107255330,STK
263,281820,KR7281820001,케이씨텍,KOSPI,,69800,1,1700,2.5,70500,72600,68900,148102,10481723450,1381946537800,19798661,STK
266,012630,KR7012630000,HDC,KOSPI,,23000,1,350,1.55,22550,23300,22050,45519,1040051275,1374059583000,59741721,STK
268,069620,KR7069620003,대웅제약,KOSPI,,116600,1,500,0.43,118100,118100,115300,13558,1576158500,1350994645000,11586575,STK
271,361610,KR7361610009,SK아이이테크놀로지,KOSPI,,16390,1,110,0.68,16310,16460,16060,301591,4911028525,1340490569000,81787100,STK
272,007310,KR7007310006,오뚜기,KOSPI,,332000,2,-2000,-0.6,336000,338000,329000,3641,1207035000,1330599560000,4007830,STK
274,001740,KR7001740000,SK네트웍스,KOSPI,,6500,1,100,1.56,6450,6570,6390,769806,5010254790,1303860278500,200593889,STK
277,415640,KR7415640002,KB발해인프라,KOSPI,,10490,2,-110,-1.04,10530,10530,10350,133192,1391441900,1285502798520,122545548,STK
278,005070,KR7005070008,코스모신소재,KOSPI,,38650,2,-350,-0.9,39300,39350,38600,59902,2328497775,1283743169150,33214571,STK
279,280360,KR7280360009,롯데웰푸드,KOSPI,,138600,2,-6900,-4.74,143600,143800,134400,32971,4563556450,1275753956400,9204574,STK
281,003540,KR7003540002,대신증권,KOSPI,,26650,1,150,0.57,26600,26900,26400,56986,1519429750,1270302257900,47666126,STK
284,007810,KR7007810005,코리아써키트,KOSPI,,52200,1,1200,2.35,53000,53700,52100,180959,9573001400,1251892764000,23982620,STK
285,300720,KR7300720000,한일시멘트,KOSPI,,16770,1,100,0.6,16620,16790,16510,43333,723665870,1233353154930,73545209,STK
286,001820,KR7001820000,삼화콘덴서,KOSPI,,116700,1,6900,6.28,114000,119100,111200,696831,80833720250,1213096500000,10395000,STK
288,192080,KR7192080000,더블유게임즈,KOSPI,,56300,2,-900,-1.57,57400,57700,55800,35456,1996667950,1192066248400,21173468,STK
290,004000,KR7004000006,롯데정밀화학,KOSPI,,45800,1,100,0.22,45800,46450,45200,40097,1826359275,1181640000000,25800000,STK
292,030610,KR7030610000,교보증권,KOSPI,,10310,1,210,2.08,10090,10330,10050,86673,888921640,1174958127910,113962961,STK
293,017960,KR7017960006,한국카본,KOSPI,,22600,1,50,0.22,22650,22750,22350,113142,2551877225,1167888583600,51676486,STK
297,000210,KR7000210005,DL,KOSPI,,53800,1,200,0.37,54100,54300,53400,45631,2455298350,1127426559200,20955884,STK
298,330590,KR7330590001,롯데리츠,KOSPI,,3885,2,-40,-1.02,3900,3930,3875,83101,324694248,1122644114340,288968884,STK
299,000080,KR7000080002,하이트진로,KOSPI,,15500,2,-40,-0.26,15550,15590,15330,59711,920701235,1087070970500,70133611,STK
301,003530,KR7003530003,한화투자증권,KOSPI,,4915,2,-185,-3.63,5050,5090,4915,1706241,8483331470,1054502314125,214547775,STK
302,006340,KR7006340004,대원전선,KOSPI,,13290,1,360,2.78,13200,13750,13120,2416519,32327916415,1042127588640,78414416,STK
305,003240,KR7003240009,태광산업,KOSPI,,912000,1,11000,1.22,907000,912000,894000,598,540708000,1015420800000,1113400,STK
306,006110,KR7006110001,삼아알미늄,KOSPI,,66900,2,-1800,-2.62,68200,68700,66300,176522,11884525650,1011759139500,15123455,STK
308,032350,KR7032350001,롯데관광개발,KOSPI,,12350,2,-180,-1.44,12610,12620,12310,182314,2261649545,984609406300,79725458,STK
309,003090,KR7003090008,대웅,KOSPI,,16930,1,70,0.42,17030,17030,16760,30045,506892550,984343721400,58141980,STK
310,192400,KR7192400000,쿠쿠홀딩스,KOSPI,,27650,2,-200,-0.72,27850,27850,27500,9015,249108050,983294415250,35562185,STK
312,006120,KR7006120000,SK디스커버리,KOSPI,,56400,1,3500,6.62,54500,57700,53800,49673,2723284650,982135556400,17413751,STK
315,003570,KR7003570009,SNT다이내믹스,KOSPI,,29100,1,900,3.19,28850,29100,28250,18124,520967750,967653482700,33252697,STK
317,000370,KR7000370007,한화손해보험,KOSPI,,8270,2,-150,-1.78,8400,8490,8165,626016,5194382110,965430827050,116738915,STK
318,077970,KR7077970002,STX엔진,KOSPI,,23850,1,300,1.27,23700,24000,23450,57156,1356427725,957531302550,40148063,STK
319,030190,KR7030190003,NICE평가정보,KOSPI,,16320,1,70,0.43,16250,16600,16250,68088,1117361860,950945853120,58268741,STK
321,285130,KR7285130001,SK케미칼,KOSPI,,54800,2,-400,-0.72,55200,55600,53900,62195,3412424350,947972376800,17298766,STK
322,185750,KR7185750007,종근당,KOSPI,,68400,1,400,0.59,68100,68900,67700,13899,946972700,944110152000,13802780,STK
323,451800,KR7451800007,한화리츠,KOSPI,,5250,2,-60,-1.13,5170,5360,5140,65218,342390475,942900000000,179600000,STK
325,034230,KR7034230003,파라다이스,KOSPI,,10030,2,-60,-0.59,10190,10230,9900,356133,3562649710,929072701460,92629382,STK
326,005300,KR7005300009,롯데칠성,KOSPI,,98700,1,400,0.41,98900,98900,97800,9072,891632200,915825850800,9278884,STK
327,003470,KR7003470002,유안타증권,KOSPI,,4700,2,-45,-0.95,4720,4760,4665,215344,1011920630,905596479400,192680102,STK
328,009240,KR7009240003,한샘,KOSPI,,38200,1,800,2.14,37950,38650,37650,34839,1335725350,898996049600,23533928,STK
329,079160,KR7079160008,CJ CGV,KOSPI,,5400,3,0,0.0,5400,5470,5350,172541,934007305,894147103800,165582797,STK
330,009450,KR7009450008,경동나비엔,KOSPI,,61300,1,300,0.49,61000,61700,61000,11465,703035800,893054689600,14568592,STK
331,004490,KR7004490009,세방전지,KOSPI,,64300,2,-100,-0.16,64700,69600,62300,153480,10021460750,891198000000,13860000,STK
333,003160,KR7003160009,디아이,KOSPI,,31200,2,-50,-0.16,31850,32500,30800,641638,20304542025,882960000000,28300000,STK
336,071320,KR7071320006,지역난방공사,KOSPI,,75700,1,100,0.13,75200,76000,74800,8610,649067500,876510920800,11578744,STK
340,195870,KR7195870001,해성디에스,KOSPI,,50800,1,900,1.8,51200,51700,50300,85628,4348199950,863600000000,17000000,STK
346,100090,KR7100090000,SK오션플랜트,KOSPI,,13190,2,-670,-4.83,13860,13940,13100,1055212,14047454485,824086521510,62478129,STK
351,499790,KR7499790004,GS피앤엘,KOSPI,,40550,2,-2250,-5.26,42700,42850,40150,66240,2704431125,804140602550,19830841,STK
355,005180,KR7005180005,빙그레,KOSPI,,86100,2,-4200,-4.65,88700,89000,84300,98453,8500444800,798063569100,9269031,STK
362,005090,KR7005090006,SGC에너지,KOSPI,,54100,2,-2000,-3.57,56100,56700,53800,97686,5357801300,779544915300,14409333,STK
363,100840,KR7100840008,SNT에너지,KOSPI,,37600,1,4900,14.98,33300,38250,32000,1163848,42007013000,777597440800,20680783,STK
365,298050,KR7298050006,HS효성첨단소재,KOSPI,,172000,2,-800,-0.46,176100,176100,171900,5299,915746950,770551056000,4479948,STK
366,036530,KR7036530004,SNT홀딩스,KOSPI,,47050,1,1900,4.21,45850,47500,45050,13718,639950700,767097836300,16303886,STK
371,365550,KR7365550003,ESR켄달스퀘어리츠,KOSPI,,3060,2,-25,-0.81,3080,3160,3015,168915,517717382,753032340000,246089000,STK
374,003850,KR7003850005,보령,KOSPI,,8750,2,-290,-3.21,9070,9080,8680,86506,765521630,750638061250,85787207,STK
376,214320,KR7214320004,이노션,KOSPI,,18710,2,-60,-0.32,18800,18900,18620,62219,1162089930,748400000000,40000000,STK
377,137310,KR7137310009,에스디바이오센서,KOSPI,,6170,1,10,0.16,6210,6230,6110,98135,604080235,745021959340,120749102,STK
383,456040,KR7456040005,OCI,KOSPI,,81800,1,2500,3.15,80500,82700,79800,30938,2520234300,732314091000,8952495,STK
385,000670,KR7000670000,영풍,KOSPI,,39450,1,150,0.38,39750,40150,38800,17084,676972700,726301444350,18410683,STK
387,090460,KR7090460007,비에이치,KOSPI,,21400,2,-450,-2.06,22850,23000,21300,1502919,33080559975,721426913200,33711538,STK
390,064960,KR7064960008,SNT모티브,KOSPI,,26800,1,550,2.1,26450,27100,26200,35639,953347175,711279289600,26540272,STK
395,005880,KR7005880000,대한해운,KOSPI,,2115,1,10,0.48,2120,2155,2105,1197741,2546658311,682610624100,322747340,STK
398,069260,KR7069260008,TKG휴켐스,KOSPI,,16460,1,140,0.86,16320,16520,16210,51841,850062970,672861558480,40878588,STK
399,017940,KR7017940008,E1,KOSPI,,97500,2,-200,-0.2,97600,98300,95600,7365,714128900,668850000000,6860000,STK
400,094800,KR7094800000,맵스리얼티,KOSPI,,7200,1,10,0.14,7190,7230,7090,162664,1170215660,668407183200,92834331,STK
402,268280,KR7268280005,미원에스씨,KOSPI,,133100,1,2400,1.84,132500,133400,131600,687,91059000,665500000000,5000000,STK
405,093050,KR7093050003,LF,KOSPI,,22450,2,-50,-0.22,22350,22800,22100,13931,312766550,656438000000,29240000,STK
407,001680,KR7001680008,대상,KOSPI,,18820,2,-390,-2.03,19380,19390,18640,122278,2301508180,652075830500,34648025,STK
409,317450,KR7317450005,명인제약,KOSPI,,44550,2,-100,-0.22,44800,45150,44500,4999,222919300,650430000000,14600000,STK
410,002960,KR7002960003,한국쉘석유,KOSPI,,498500,2,-1000,-0.2,500000,502000,498000,574,286466000,648050000000,1300000,STK
411,033240,KR7033240003,자화전자,KOSPI,,29900,2,-700,-2.29,30900,31050,29650,87462,2627644800,646004509800,21605502,STK
412,293940,KR7293940003,신한알파리츠,KOSPI,,5340,2,-10,-0.19,5350,5390,5320,45310,242543055,645820256820,120940123,STK
413,000400,KR7000400002,롯데손해보험,KOSPI,,2080,1,30,1.46,2055,2100,2030,308549,643580303,645499545600,310336320,STK
414,005690,KR7005690003,파미셀,KOSPI,,10740,1,240,2.29,10660,10890,10660,361723,3898099400,644443110360,60004014,STK
417,006650,KR7006650006,대한유화,KOSPI,,97500,1,800,0.83,98200,99600,96900,31032,3038845750,633750000000,6500000,STK
418,001060,KR7001060003,JW중외제약,KOSPI,,27200,2,-300,-1.09,27750,27800,27100,34143,934514800,633377296000,23285930,STK
419,001570,KR7001570001,금양,KOSPI,,9900,0,0,0.0,0,0,0,0,0,633275240400,63967196,STK
420,014820,KR7014820005,동원시스템즈,KOSPI,,21800,1,100,0.46,22050,22050,21550,18711,407421900,632009947600,28991282,STK
421,383800,KR7383800000,LX홀딩스,KOSPI,,8260,1,70,0.85,8160,8280,8160,29989,247237085,630078499400,76280690,STK
424,000640,KR7000640003,동아쏘시오홀딩스,KOSPI,,92100,2,-500,-0.54,92600,93900,91200,14994,1381996950,620065736700,6732527,STK
425,006380,KR7006380000,카프로,KOSPI,,3660,0,0,0.0,0,0,0,0,0,618539985360,168999996,STK
426,248070,KR7248070005,솔루엠,KOSPI,,12890,2,-20,-0.15,12920,12960,12810,42076,541958565,616351282040,47816236,STK
430,453340,KR7453340002,현대그린푸드,KOSPI,,18680,2,-110,-0.59,18900,18900,18410,23556,439709630,606569245160,32471587,STK
432,079900,KR7079900007,전진건설로봇,KOSPI,,41500,3,0,0.0,41150,42100,40200,157706,6522001725,605590617500,14592545,STK
434,002990,KR7002990000,금호건설,KOSPI,,16110,1,20,0.12,16150,16480,15830,2989710,48156306850,600258181140,37259974,STK
435,108320,KR7108320003,LX세미콘,KOSPI,,36550,1,350,0.97,36350,36850,35800,85972,3129375375,594460165000,16264300,STK
437,002840,KR7002840007,미원상사,KOSPI,,131800,1,1800,1.38,131000,131800,128200,1844,239300600,593100000000,4500000,STK
439,075580,KR7075580001,세진중공업,KOSPI,,10360,1,80,0.78,10270,10440,10150,87031,896257060,588960364160,56849456,STK
440,001530,KR7001530005,DI동일,KOSPI,,28300,1,700,2.54,27150,28950,26550,80170,2273656050,586252074300,20715621,STK
441,002350,KR7002350007,넥센타이어,KOSPI,,5990,2,-90,-1.48,6050,6100,5960,151201,907459360,585030583230,97667877,STK
443,114090,KR7114090004,GKL,KOSPI,,9420,2,-160,-1.67,9570,9570,9370,42184,398153710,582680411400,61855670,STK
446,025540,KR7025540006,한국단자,KOSPI,,56900,1,1100,1.97,56400,57600,55900,26025,1486523900,575543500000,10115000,STK
448,003300,KR7003300001,한일홀딩스,KOSPI,,18560,2,-140,-0.75,18700,18980,18440,6002,111694780,572231600640,30831444,STK
450,001510,KR7001510007,SK증권,KOSPI,,2460,1,30,1.23,2460,2515,2450,2461840,6086788401,568985909100,231295085,STK
451,178920,KR7178920005,PI첨단소재,KOSPI,,19340,1,310,1.63,19270,19460,19000,29114,562836730,567944667480,29366322,STK
453,0220W0,KR70220W0000,한화머시너리앤서비스홀딩스,KOSPI,,6700,2,-10,-0.15,6680,7040,6600,2043888,13897607555,566254084500,84515535,STK
456,016380,KR7016380008,KG스틸,KOSPI,,5650,1,60,1.07,5580,5680,5520,123339,694166655,565050268050,100008897,STK
458,058650,KR7058650003,세아홀딩스,KOSPI,,130800,2,-2800,-2.1,139900,139900,130800,760,102276300,554884468800,4242236,STK
459,003620,KR7003620002,KG모빌리티,KOSPI,,2730,1,95,3.61,2650,2790,2650,946850,2590073387,552483509760,202374912,STK
461,007700,KR7007700008,F&F홀딩스,KOSPI,,14090,2,-100,-0.7,14120,14220,14080,7852,110982340,551121431030,39114367,STK
466,005810,KR7005810007,풍산홀딩스,KOSPI,,37700,1,600,1.62,37900,37900,37300,13490,506510675,543531908400,14417292,STK
467,001270,KR7001270008,부국증권,KOSPI,,52100,3,0,0.0,52100,52800,50900,5816,299609100,540271060600,10369886,STK
471,284740,KR7284740008,쿠쿠홈시스,KOSPI,,23550,1,50,0.21,23600,23850,23250,10226,241010850,528399121500,22437330,STK
473,460860,KR7460860000,동국제강,KOSPI,,10490,2,-20,-0.19,10690,10720,10430,60746,637980125,520388098330,49608017,STK
477,019170,KR7019170000,신풍제약,KOSPI,,9820,2,-190,-1.9,9890,10030,9770,306481,3026531250,514749886040,52418522,STK
479,161000,KR7161000005,애경케미칼,KOSPI,,10550,1,10,0.09,10720,10730,10500,125490,1329065065,513243879950,48648709,STK
482,336370,KR7336370002,솔루스첨단소재,KOSPI,,7260,2,-190,-2.55,7650,7650,7250,150879,1104859350,509741283480,70212298,STK
483,039130,KR7039130000,하나투어,KOSPI,,32800,1,300,0.92,32700,33250,32600,19888,654302500,508069769600,15489932,STK
484,001500,KR7001500008,현대차증권,KOSPI,,8200,1,280,3.54,7950,8240,7950,244807,1993604260,507030960800,61833044,STK
487,009410,KR7009410002,태영건설,KOSPI,,1699,1,12,0.71,1700,1735,1669,286788,487414575,505605542522,297590078,STK
497,004710,KR7004710000,한솔테크닉스,KOSPI,,9170,1,710,8.39,8570,9230,8540,1231630,11118220165,487108721890,53119817,STK
498,377740,KR7377740006,바이오노트,KOSPI,,4780,2,-10,-0.21,4790,4790,4725,35143,166737825,487015309440,101886048,STK
499,145990,KR7145990008,삼양사,KOSPI,,47050,1,450,0.97,46800,47500,46200,6429,302909675,485247775450,10313449,STK
500,004690,KR7004690004,삼천리,KOSPI,,133400,2,-3300,-2.41,136700,136900,132300,5260,706178200,483812051800,3626777,STK
501,448730,KR7448730002,삼성FN리츠,KOSPI,,5250,1,10,0.19,5290,5290,5190,53121,278433340,478012500000,91050000,STK
503,249420,KR7249420001,일동제약,KOSPI,,15040,1,10,0.07,14910,15190,14810,410712,6164515235,475839310080,31638252,STK
505,010780,KR7010780005,아이에스동서,KOSPI,,15710,2,-30,-0.19,15680,16030,15600,98587,1556691350,474237392960,30186976,STK
508,000070,KR7000070003,삼양홀딩스,KOSPI,,60800,1,300,0.5,60800,61500,60500,4679,285937750,472002012800,7763191,STK
512,484870,KR7484870001,엠앤씨솔루션,KOSPI,,17050,1,490,2.96,16670,17210,16200,80656,1360645570,468221985000,27461700,STK
516,002240,KR7002240000,고려제강,KOSPI,,17170,2,-50,-0.29,17310,17380,17120,6938,119533930,463590000000,27000000,STK
517,005250,KR7005250006,녹십자홀딩스,KOSPI,,9820,2,-80,-0.81,9870,9970,9820,59848,590770320,461817022200,47028210,STK
518,008060,KR7008060006,대덕,KOSPI,,14760,1,240,1.65,14850,14900,14570,75217,1106776725,461797566480,31287098,STK
519,452260,KR7452260003,한화갤러리아,KOSPI,,2380,1,80,3.48,2320,2500,2295,2501516,6042839389,461385871800,193859610,STK
521,034310,KR7034310003,NICE,KOSPI,,12540,2,-80,-0.63,12660,12850,12510,9036,113738080,460934748780,36757157,STK
524,009900,KR7009900002,명신산업,KOSPI,,8610,2,-20,-0.23,8410,8620,8250,326374,2751373095,451767845130,52470133,STK
528,014830,KR7014830004,유니드,KOSPI,,64600,2,-200,-0.31,65000,65350,64400,7087,459559100,437186960000,6767600,STK
529,003030,KR7003030004,세아제강지주,KOSPI,,105500,1,2500,2.43,103000,105800,102800,8819,921621000,436944813500,4141657,STK
533,072710,KR7072710007,농심홀딩스,KOSPI,,93500,2,-700,-0.74,94100,94100,92500,3712,345000750,433633365000,4637790,STK
535,002030,KR7002030005,아세아,KOSPI,,207500,1,1000,0.48,210000,212000,202500,1330,276670500,427211790000,2058852,STK
536,029460,KR7029460003,케이씨,KOSPI,,38750,1,750,1.97,38700,38950,37850,17465,674371025,427045731250,11020535,STK
539,192650,KR7192650000,드림텍,KOSPI,,6450,1,150,2.38,6420,6570,6310,522541,3382950795,424970047050,65886829,STK
540,016610,KR7016610008,DB증권,KOSPI,,9980,1,30,0.3,10030,10110,9880,62863,631233000,423614962220,42446389,STK
542,403550,KR7403550007,쏘카,KOSPI,,11150,2,-180,-1.59,11280,11430,11140,14122,159149950,423030353300,37939942,STK
543,004700,KR7004700001,조광피혁,KOSPI,,63600,2,-500,-0.78,66200,66200,63600,1080,70313300,422885176800,6649138,STK
544,001200,KR7001200005,유진투자증권,KOSPI,,4345,2,-10,-0.23,4350,4375,4290,307845,1330064654,420884586210,96866418,STK
546,016590,KR7016590002,신대양제지,KOSPI,,10410,2,-90,-0.86,10500,10540,10350,5278,55064390,419500306200,40297820,STK
547,003280,KR7003280005,흥아해운,KOSPI,,1739,1,15,0.87,1744,1779,1721,3440702,6006408068,418098899361,240424899,STK
548,271940,KR7271940009,일진하이솔루스,KOSPI,,11490,1,770,7.18,11850,11990,11110,132642,1545726415,417238553100,36313190,STK
550,130660,KR7130660004,한전산업,KOSPI,,12730,1,730,6.08,12050,13550,11910,1814603,23405017615,414998000000,32600000,STK
551,092230,KR7092230002,KPX홀딩스,KOSPI,,98000,2,-600,-0.61,99200,99200,97400,1307,128414950,414015308000,4224646,STK
553,317400,KR7317400000,자이에스앤디,KOSPI,,10620,2,-610,-5.43,11230,11270,10510,892878,9568067525,411870362400,38782520,STK
554,306200,KR7306200007,세아제강,KOSPI,,145000,1,300,0.21,144700,148000,142200,4716,683246800,411263500000,2836300,STK
555,017900,KR7017900002,광전자,KOSPI,,7090,1,20,0.28,7290,7450,7050,702211,5070011455,410821279670,57943763,STK
557,002810,KR7002810000,삼영무역,KOSPI,,22200,1,150,0.68,22050,22300,21925,9708,214929350,409966245600,18466948,STK
559,003000,KR7003000007,부광약품,KOSPI,,4105,1,25,0.61,4130,4195,4080,316200,1306782348,405018474455,98664671,STK
561,008730,KR7008730004,율촌화학,KOSPI,,16110,2,-150,-0.92,16440,16470,16020,30196,488358665,399528000000,24800000,STK
563,344820,KR7344820006,KCC글라스,KOSPI,,24950,2,-100,-0.4,25300,25300,24900,4270,106894700,398464274400,15970512,STK
565,005420,KR7005420005,코스모화학,KOSPI,,10360,1,50,0.48,10400,10550,10250,62077,641223120,397909242080,38408228,STK
567,357120,KR7357120005,코람코라이프인프라리츠,KOSPI,,4080,1,5,0.12,4075,4085,4045,32302,131531460,397128244320,97335354,STK
570,183190,KR7183190008,아세아시멘트,KOSPI,,10920,1,130,1.2,10950,10970,10790,39854,432399350,392882730240,35978272,STK
574,029530,KR7029530003,신도리코,KOSPI,,40200,1,200,0.5,40000,40450,39850,5372,215673500,390572305800,9715729,STK
579,950210,KR8702070002,프레스티지바이오파마,KOSPI,,6450,2,-50,-0.77,6490,6570,6250,40303,256919330,387620199750,60096155,STK
581,015360,KR7015360001,INVENI,KOSPI,,14160,1,80,0.57,14280,14280,14050,9087,128172880,385860000000,27250000,STK
590,006220,KR7006220008,제주은행,KOSPI,,10010,2,-60,-0.6,10070,10120,9950,114945,1150109805,378363555570,37798557,STK
591,0120G0,KR70120G0001,삼양바이오팜,KOSPI,,50200,1,350,0.7,50100,50700,49150,39597,1978595900,373280674000,7435870,STK
592,089590,KR7089590004,제주항공,KOSPI,,4625,2,-90,-1.91,4720,4800,4565,203123,940796329,372964555625,80640985,STK
595,126560,KR7126560002,현대퓨처넷,KOSPI,,3390,1,10,0.3,3380,3395,3355,56140,189553025,370191525600,109201040,STK
596,001940,KR7001940006,KISCO홀딩스,KOSPI,,26100,2,-1100,-4.04,27100,27100,26100,9816,257079625,370003518000,14176380,STK
597,027410,KR7027410000,BGF,KOSPI,,3865,2,-20,-0.51,3895,3900,3860,41476,160738900,369945397215,95716791,STK
598,194370,KR7194370003,제이에스코퍼레이션,KOSPI,,12690,2,-410,-3.13,13100,13140,12560,79775,1012550315,368222659020,29016758,STK
600,060980,KR7060980000,HL홀딩스,KOSPI,,40350,1,200,0.5,40050,40500,39850,7745,311101100,366331476450,9078847,STK
601,105630,KR7105630008,한세실업,KOSPI,,9140,1,30,0.33,9190,9220,9090,24573,224573740,365600000000,40000000,STK
605,031430,KR7031430002,신세계인터내셔날,KOSPI,,10410,3,0,0.0,10430,10480,10340,39454,410332605,364204260000,34986000,STK
609,017810,KR7017810003,풀무원,KOSPI,,9420,2,-110,-1.15,9540,9570,9400,31244,295023320,359095505640,38120542,STK
613,170900,KR7170900005,동아에스티,KOSPI,,36700,2,-250,-0.68,36650,37200,36500,5304,195289300,357013232700,9727881,STK
614,007690,KR7007690001,국도화학,KOSPI,,38500,2,-700,-1.79,39950,39950,38350,16989,657818250,356542032000,9260832,STK
618,002310,KR7002310001,아세아제지,KOSPI,,8980,1,140,1.58,8840,8990,8700,82607,733749870,354256599800,39449510,STK
619,005610,KR7005610001,삼립,KOSPI,,40900,1,250,0.62,40350,41100,40200,2126,86112175,352926468100,8629009,STK
623,104700,KR7104700000,한국철강,KOSPI,,9550,2,-150,-1.55,9720,9810,9420,26482,253366940,348097500000,36450000,STK
626,092790,KR7092790005,넥스틸,KOSPI,,13240,1,250,1.92,13170,13500,13000,569909,7576177340,344266480000,26002000,STK
627,011760,KR7011760006,현대코퍼레이션,KOSPI,,25950,2,-150,-0.57,26000,26200,25550,10111,261216500,343291667700,13228966,STK
631,012030,KR7012030003,DB,KOSPI,,1672,1,165,10.95,1519,1688,1490,1981047,3254852787,336362815976,201173933,STK
636,024720,KR7024720005,콜마홀딩스,KOSPI,,9720,2,-240,-2.41,10040,10040,9700,32558,318712920,333359637480,34296259,STK
637,020000,KR7020000006,한섬,KOSPI,,15500,3,0,0.0,15690,15690,15420,27178,421391680,332893407000,21476994,STK
638,097520,KR7097520001,엠씨넥스,KOSPI,,19050,1,10,0.05,19120,19200,18800,22728,431590315,331498575000,17401500,STK
640,002020,KR7002020006,코오롱,KOSPI,,25650,1,250,0.98,25600,25800,25350,18937,484235875,331081992000,12907680,STK
644,011930,KR7011930005,신성이엔지,KOSPI,,16240,1,130,0.81,16480,16700,16220,79398,1300205575,329772395680,20306182,STK
645,015860,KR7015860000,일진홀딩스,KOSPI,,6670,1,160,2.46,6550,6820,6520,93665,628026345,329147711610,49347483,STK
646,145720,KR7145720009,덴티움,KOSPI,,38050,1,500,1.33,38100,38200,37700,4788,181714675,328139052550,8623891,STK
648,026890,KR7026890004,스틱인베스트먼트,KOSPI,,8440,1,110,1.32,8270,8440,8270,15196,127655220,327225864280,38770837,STK
653,272450,KR7272450008,진에어,KOSPI,,6180,1,40,0.65,6170,6230,5980,179933,1099870255,322596000000,52200000,STK
658,009160,KR7009160003,SIMPAC,KOSPI,,4850,2,-110,-2.22,4960,5010,4850,69730,343337345,317049194800,65370968,STK
659,108670,KR7108670001,LX하우시스,KOSPI,,35350,2,-450,-1.26,35650,36000,35050,23251,824311950,317007134500,8967670,STK
661,244920,KR7244920005,에이플러스에셋,KOSPI,,13990,1,30,0.21,13960,14240,13600,35409,493751000,316281625070,22607693,STK
663,123890,KR7123890006,한국자산신탁,KOSPI,,2565,2,-35,-1.35,2615,2615,2540,136305,349512108,313889120190,122373926,STK
665,009290,KR7009290008,광동제약,KOSPI,,6280,2,-60,-0.95,6300,6350,6230,94350,592430205,312742794240,49799808,STK
667,016800,KR7016800005,퍼시스,KOSPI,,27150,1,250,0.93,27100,27450,27100,142,3866850,312225000000,11500000,STK
668,200880,KR7200880003,서연이화,KOSPI,,11550,2,-80,-0.69,11590,11650,11490,22761,262930840,312178447350,27028437,STK
669,001230,KR7001230002,동국홀딩스,KOSPI,,1997,2,-33,-1.63,2070,2070,1988,168427,336912916,310548906855,155507715,STK
670,005720,KR7005720008,넥센,KOSPI,,5910,2,-110,-1.83,6020,6020,5880,28605,169465290,310534904070,52543977,STK
671,025860,KR7025860008,남해화학,KOSPI,,6250,2,-110,-1.73,6360,6360,6200,316898,1986403095,310492768750,49678843,STK
672,096760,KR7096760004,JW홀딩스,KOSPI,,4180,3,0,0.0,4180,4210,4130,35219,147044847,309006257560,73924942,STK
673,126720,KR7126720002,수산인더스트리,KOSPI,,21600,1,400,1.89,21400,21800,21100,23906,512806650,308577600000,14286000,STK
674,005950,KR7005950001,이수화학,KOSPI,,11720,2,-60,-0.51,11930,12200,11680,247763,2949094755,308167660680,26294169,STK
675,018250,KR7018250001,애경산업,KOSPI,,11660,2,-30,-0.26,11740,11770,11590,11874,138238925,307939842100,26409935,STK
676,381970,KR7381970003,케이카,KOSPI,,6290,2,-80,-1.26,6320,6390,6270,35161,222139815,307083133920,48820848,STK
682,034830,KR7034830000,한국토지신탁,KOSPI,,1194,1,10,0.84,1177,1196,1175,255585,303684253,301472140620,252489230,STK
684,001390,KR7001390004,KG케미칼,KOSPI,,4515,2,-5,-0.11,4525,4545,4430,81705,367303493,299812416540,66403636,STK
691,001750,KR7001750009,한양증권,KOSPI,,19500,1,70,0.36,19550,19650,19430,6841,133473060,294634977000,15109486,STK
692,003350,KR7003350006,한국화장품제조,KOSPI,,12990,1,240,1.88,12690,13070,12350,608068,7702403955,294353400000,22660000,STK
694,084010,KR7084010008,대한제강,KOSPI,,8550,2,-120,-1.38,8670,8900,8470,30436,262226870,293877145800,34371596,STK
698,002900,KR7002900009,TYM,KOSPI,,7040,2,-480,-6.38,7560,7570,7010,330094,2386036560,291456000000,41400000,STK
700,084690,KR7084690007,대상홀딩스,KOSPI,,8030,1,230,2.95,7810,8060,7800,34691,275631645,290786680140,36212538,STK
701,033270,KR7033270000,유나이티드제약,KOSPI,,18230,2,-270,-1.46,18420,18420,18150,18660,340968145,290053428250,15910775,STK
703,002710,KR7002710002,TCC스틸,KOSPI,,11040,2,-140,-1.25,11130,11510,10940,179816,2011002720,289399214880,26213697,STK
705,010820,KR7010820009,퍼스텍,KOSPI,,5900,1,230,4.06,5750,6270,5710,616378,3741291055,287754434200,48771938,STK
707,058430,KR7058430000,포스코스틸리온,KOSPI,,4755,1,95,2.04,4680,4785,4620,185787,878472013,285300000000,60000000,STK
708,286940,KR7286940002,롯데이노베이트,KOSPI,,18790,1,80,0.43,18810,19020,18330,13948,262429420,284280805930,15129367,STK
709,004430,KR7004430005,송원산업,KOSPI,,11830,2,-80,-0.67,12000,12020,11710,130424,1543903090,283920000000,24000000,STK
714,091810,KR7091810002,트리니티항공,KOSPI,,2770,2,-30,-1.07,2850,2850,2745,84507,233854974,282833872070,102106091,STK
715,078520,KR7078520004,에이블씨엔씨,KOSPI,,10870,2,-390,-3.46,11300,11300,10790,128989,1408312780,282773930070,26014161,STK
716,000430,KR7000430009,대원강업,KOSPI,,4560,1,170,3.87,4390,4620,4270,188140,844605308,282720000000,62000000,STK
722,105840,KR7105840003,우진,KOSPI,,13770,1,870,6.74,12910,14420,12800,429530,5916821750,278121915900,20197670,STK
726,017390,KR7017390006,서울가스,KOSPI,,55900,1,400,0.72,55800,56200,55200,3321,185207300,276705000000,4950000,STK
730,003120,KR7003120003,일성아이에스,KOSPI,,20550,3,0,0.0,20550,20650,20550,1058,21799000,273315000000,13300000,STK
731,122900,KR7122900004,아이마켓코리아,KOSPI,,8170,1,60,0.74,8110,8200,8100,30653,250055740,273113622800,33428840,STK
733,010690,KR7010690006,화신,KOSPI,,7800,1,50,0.65,7850,7890,7770,131923,1030517985,272379198000,34920410,STK
734,037710,KR7037710001,광주신세계,KOSPI,,35700,1,250,0.71,35700,35950,35500,18279,652538875,272290040400,7627172,STK
736,003960,KR7003960002,사조대림,KOSPI,,29650,2,-1150,-3.73,30750,30750,29600,4719,140705700,271726446550,9164467,STK
741,004310,KR7004310009,현대약품,KOSPI,,8420,1,470,5.91,8200,9210,7980,11842636,102335248045,269440000000,32000000,STK
744,136490,KR7136490000,선진,KOSPI,,11260,1,270,2.46,11100,11350,10850,140165,1566003895,267758341040,23779604,STK
748,053690,KR7053690004,한미글로벌,KOSPI,,24200,1,1400,6.14,22800,25100,22100,788410,19043876850,265172710000,10957550,STK
758,020120,KR7020120002,키다리스튜디오,KOSPI,,7030,2,-170,-2.36,7040,7220,6520,765807,5250723380,260558274980,37063766,STK
760,217590,KR7217590009,티엠씨,KOSPI,,10740,1,380,3.67,10540,11510,10300,887025,9687960355,258771976500,24094225,STK
762,004360,KR7004360004,세방,KOSPI,,13500,1,90,0.67,13400,13500,13300,6190,82998500,258060640500,19115603,STK
766,298690,KR7298690009,에어부산,KOSPI,,1566,1,31,2.02,1532,1585,1532,106766,167535295,255124689552,162914872,STK
769,005430,KR7005430004,한국공항,KOSPI,,79900,1,900,1.14,79000,83500,78100,3816,304416250,252991764500,3166355,STK
771,007160,KR7007160005,사조산업,KOSPI,,50500,1,200,0.4,50300,51600,49750,1956,97920400,252500000000,5000000,STK
773,001790,KR7001790005,대한제당,KOSPI,,2905,2,-5,-0.17,2915,2925,2900,179194,521338877,250532763075,86241915,STK
774,005500,KR7005500004,삼진제약,KOSPI,,18780,1,30,0.16,18660,18860,18660,18308,342835230,250149600000,13320000,STK
777,003920,KR7003920006,남양유업,KOSPI,,43950,1,550,1.27,43400,44450,43350,3094,134994400,249347995650,5673447,STK
778,334890,KR7334890001,이지스밸류플러스리츠,KOSPI,,3585,2,-290,-7.48,3625,3665,3500,515208,1840652956,248973528555,69448683,STK
781,008490,KR7008490005,서흥,KOSPI,,21300,1,50,0.24,21400,21550,21100,19470,414636500,246422106900,11569113,STK
785,005680,KR7005680004,삼영전자,KOSPI,,12190,1,60,0.49,12190,12230,12010,10783,131041040,243800000000,20000000,STK
791,404990,KR7404990004,신한서부티엔디리츠,KOSPI,,3900,2,-30,-0.76,3930,3995,3885,32816,128715070,240348654000,61627860,STK
793,000540,KR7000540005,흥국화재,KOSPI,,3730,1,35,0.95,3695,3775,3680,77437,288294107,239625065850,64242645,STK
794,003200,KR7003200003,일신방직,KOSPI,,10400,2,-80,-0.76,10590,10590,10100,37500,388086725,238784000000,22960000,STK
797,003070,KR7003070000,코오롱글로벌,KOSPI,,9370,1,20,0.21,9350,9450,9260,7347,68633750,238222495830,25423959,STK
799,025000,KR7025000001,KPX케미칼,KOSPI,,54300,2,-100,-0.18,54400,54900,53900,2857,154773400,237763898700,4378709,STK
800,030210,KR7030210009,다올투자증권,KOSPI,,3895,2,-35,-0.89,3920,3980,3860,42778,166667955,237248757870,60911106,STK
803,0030R0,KR70030R0007,대신밸류리츠,KOSPI,,3945,1,25,0.64,3920,3945,3915,14930,58649505,235832100000,59780000,STK
804,001460,KR7001460005,BYC,KOSPI,,37750,1,50,0.13,38450,38450,37200,1264,47513425,235792162500,6246150,STK
806,900140,KYG5307W1015,엘브이엠씨홀딩스,KOSPI,,1215,1,8,0.66,1212,1222,1197,243992,295339227,234787124880,193240432,STK
808,000490,KR7000490003,대동,KOSPI,,8130,2,-270,-3.21,8400,8420,8120,234174,1936799515,234362412450,28826865,STK
809,000680,KR7000680009,LS네트웍스,KOSPI,,2965,2,-65,-2.15,3030,3030,2940,65917,196119149,233650942440,78803016,STK
812,348950,KR7348950007,제이알글로벌리츠,KOSPI,,1182,0,0,0.0,0,0,0,0,0,233298432000,197376000,STK
817,002320,KR7002320000,한진,KOSPI,,14910,1,40,0.27,14880,15100,14810,12181,181127430,231382564560,15518616,STK
819,001340,KR7001340009,PKC,KOSPI,,5110,1,10,0.2,5100,5160,5030,67073,342852160,230093534790,45028089,STK
820,044450,KR7044450005,KSS해운,KOSPI,,10190,2,-40,-0.39,10360,10360,10130,19194,195798980,230064979750,22577525,STK
822,000320,KR7000320002,노루홀딩스,KOSPI,,17270,1,180,1.05,17200,17290,16820,2440,41686970,229538177770,13291151,STK
823,475560,KR7475560009,더본코리아,KOSPI,,15430,3,0,0.0,15490,15490,15090,31638,483028825,228795577100,14827970,STK
825,226320,KR7226320000,잇츠한불,KOSPI,,10400,2,-210,-1.98,10590,10600,10370,12461,129721610,228064876000,21929315,STK
826,001470,KR7001470004,삼부토건,KOSPI,,5820,0,0,0.0,0,0,0,0,0,227794235460,39139903,STK
827,003650,KR7003650009,미창석유,KOSPI,,130800,2,-2700,-2.02,133500,134800,130400,1642,216376400,227549097600,1739672,STK
829,134380,KR7134380005,미원화학,KOSPI,,10290,3,0,0.0,10290,10330,10290,1713,17681960,226304677200,21992680,STK
830,009680,KR7009680000,모토닉,KOSPI,,10410,1,40,0.39,10380,10420,10310,7764,80528990,226241508540,21733094,STK
831,092200,KR7092200005,디아이씨,KOSPI,,5810,3,0,0.0,5930,5940,5750,190099,1111027565,225942585890,38888569,STK
833,432320,KR7432320000,KB스타리츠,KOSPI,,1498,1,15,1.01,1490,1499,1478,257360,383750363,225844898930,150764285,STK
835,034120,KR7034120006,SBS,KOSPI,,12120,2,-30,-0.25,12150,12190,12120,3758,45667750,224841004560,18551238,STK
836,044820,KR7044820009,코스맥스비티아이,KOSPI,,23400,2,-1200,-4.88,25050,25050,23000,38361,904368475,224731751400,9603921,STK
837,000050,KR7000050005,경방,KOSPI,,8180,1,20,0.25,8160,8240,8120,9938,81123120,224256908600,27415270,STK
851,033920,KR7033920000,무학,KOSPI,,7730,3,0,0.0,7760,7800,7670,17140,132423915,220305000000,28500000,STK
856,001250,KR7001250000,GS글로벌,KOSPI,,2655,2,-5,-0.19,2660,2675,2610,209802,554331844,219127143420,82533764,STK
859,005010,KR7005010004,휴스틸,KOSPI,,3870,1,40,1.04,3845,3915,3820,271730,1053203918,217447850250,56188075,STK
861,298000,KR7298000001,효성화학,KOSPI,,57000,1,1000,1.79,56600,58600,56000,25388,1451656950,216133227000,3791811,STK
862,035150,KR7035150002,백산,KOSPI,,10920,1,20,0.18,11380,11380,10710,7456,81088385,215900182680,19771079,STK
874,000480,KR7000480004,CR홀딩스,KOSPI,,4505,2,-20,-0.44,4525,4560,4505,8731,39473155,211241657450,46890490,STK
880,017860,KR7017860008,DS단석,KOSPI,,11940,1,160,1.36,11750,12050,11680,39872,474559875,210784389960,17653634,STK
883,003720,KR7003720000,삼영,KOSPI,,6180,1,120,1.98,6070,6240,6000,223267,1362848680,210120000000,34000000,STK
887,004980,KR7004980009,성신양회,KOSPI,,8490,1,90,1.07,8410,8600,8260,108098,910776960,208141459770,24516073,STK
888,011500,KR7011500006,한농화성,KOSPI,,13300,1,10,0.08,13520,13550,13220,31837,425893360,207972658600,15637042,STK
891,000650,KR7000650002,천일고속,KOSPI,,143800,1,100,0.07,144400,148400,142600,1503,218598950,205521836000,1429220,STK
896,100250,KR7100250000,진양홀딩스,KOSPI,,3175,3,0,0.0,3170,3175,3145,26946,85197470,202882500000,63900000,STK
898,003520,KR7003520004,영진약품,KOSPI,,1108,2,-8,-0.72,1128,1128,1096,388059,428584941,202645145948,182892731,STK
899,037270,KR7037270006,YG PLUS,KOSPI,,3175,1,5,0.16,3160,3215,3120,94474,300513049,202130374250,63663110,STK
900,088260,KR7088260005,이리츠코크렙,KOSPI,,3190,2,-15,-0.47,3195,3225,3160,61175,194852063,202059672100,63341590,STK
901,028100,KR7028100006,동아지질,KOSPI,,17920,1,200,1.13,17720,17950,17410,14303,255020780,201100336640,11222117,STK
910,001130,KR7001130004,대한제분,KOSPI,,11630,2,-70,-0.6,11700,11740,11580,14297,166814580,196547000000,16900000,STK
911,013580,KR7013580006,계룡건설,KOSPI,,22000,3,0,0.0,22100,22300,21600,47075,1033378425,196479954000,8930907,STK
912,039570,KR7039570007,HDC랩스,KOSPI,,7560,3,0,0.0,7560,7590,7520,5285,39809150,196239463560,25957601,STK
916,117580,KR7117580001,대성에너지,KOSPI,,7110,1,150,2.16,6990,7240,6950,134815,951117595,195525000000,27500000,STK
918,053210,KR7053210001,스카이라이프,KOSPI,,4105,1,5,0.12,4100,4140,4055,39878,163247695,195081730275,47522955,STK
922,001630,KR7001630003,종근당홀딩스,KOSPI,,38850,2,-50,-0.13,39000,39050,38800,1150,44772525,194633099850,5009861,STK
924,035510,KR7035510007,신세계 I&C,KOSPI,,13890,1,30,0.22,14000,14130,13760,60328,838772175,194194701000,13980900,STK
927,377190,KR7377190004,디앤디플랫폼리츠,KOSPI,,2185,2,-10,-0.46,2215,2215,2175,220831,482994340,193154000000,88400000,STK
928,016580,KR7016580003,환인제약,KOSPI,,10380,1,20,0.19,10350,10460,10250,41083,425950530,193068726600,18600070,STK
938,339770,KR7339770000,교촌에프앤비,KOSPI,,3800,3,0,0.0,3805,3920,3795,39496,151152814,189867304000,49965080,STK
942,095570,KR7095570008,AJ네트웍스,KOSPI,,4170,2,-80,-1.88,4250,4250,4165,125404,525596968,188704005030,45252759,STK
943,010580,KR7010580009,에스엠벡셀,KOSPI,,1696,2,-3,-0.18,1705,1707,1669,135343,228287986,188682984960,111251760,STK
945,128820,KR7128820008,대성산업,KOSPI,,4160,1,10,0.24,4150,4210,4125,43753,182443811,188179588480,45235478,STK
946,102260,KR7102260007,동성케미컬,KOSPI,,3710,2,-50,-1.33,3760,3760,3690,68639,255121505,187984182610,50669591,STK
947,014710,KR7014710008,사조씨푸드,KOSPI,,10900,1,430,4.11,10450,10930,10200,9893,103777520,187682118700,17218543,STK
950,033530,KR7033530007,SJG세종,KOSPI,,6890,2,-110,-1.57,7000,7000,6820,42506,291542760,186390340110,27052299,STK
951,000140,KR7000140004,하이트진로홀딩스,KOSPI,,8010,2,-20,-0.25,8050,8050,7980,3730,29880910,185886187650,23206765,STK
953,102460,KR7102460003,이연제약,KOSPI,,9940,2,-30,-0.3,9970,9990,9820,24115,238810930,184752901340,18586811,STK
960,002420,KR7002420008,우양피앤엘,KOSPI,,5860,1,80,1.38,5780,6000,5780,7354,42853330,182643800240,31167884,STK
963,002100,KR7002100006,경농,KOSPI,,9330,3,0,0.0,9330,9370,9260,15025,139856120,182145624750,19522575,STK
964,487570,KR7487570004,HS효성,KOSPI,,48850,1,750,1.56,48100,49050,47600,3148,152643650,182011533950,3725927,STK
965,007860,KR7007860000,서연,KOSPI,,7750,2,-10,-0.13,7880,7880,7750,5973,46443765,181968791000,23479844,STK
968,002150,KR7002150001,도화엔지니어링,KOSPI,,5350,1,30,0.56,5320,5400,5240,20025,106177795,180402000000,33720000,STK
974,213500,KR7213500002,한솔제지,KOSPI,,7550,2,-20,-0.26,7540,7600,7450,29133,218823380,179694348800,23800576,STK
976,003220,KR7003220001,대원제약,KOSPI,,8000,2,-70,-0.87,8010,8100,7970,37015,297000915,179420664000,22427583,STK
981,015230,KR7015230006,대창단조,KOSPI,,6570,1,50,0.77,6530,6570,6470,54587,356182345,178333583400,27143620,STK
984,016450,KR7016450009,한세예스24홀딩스,KOSPI,,4435,2,-30,-0.67,4465,4470,4420,9442,41868205,177400000000,40000000,STK
986,000390,KR7000390005,SP삼화,KOSPI,,6490,1,80,1.25,6380,6570,6310,80902,524137980,176550513810,27203469,STK
987,004560,KR7004560009,현대비앤지스틸,KOSPI,,11690,1,40,0.34,11830,11950,11300,31617,373673560,176271300590,15078811,STK
988,005960,KR7005960000,동부건설,KOSPI,,7680,1,160,2.13,7520,7700,7400,29311,221849750,176230371840,22946663,STK
989,234080,KR7234080000,JW생명과학,KOSPI,,11110,2,-150,-1.33,11260,11260,11100,14209,158351560,175921894940,15834554,STK
991,003610,KR7003610003,방림,KOSPI,,5470,2,-30,-0.55,5480,5540,5420,51206,279398170,175645955660,32110778,STK
993,241590,KR7241590009,화승엔터프라이즈,KOSPI,,2875,2,-5,-0.17,2950,2950,2865,16877,48914046,174194168500,60589276,STK
995,003460,KR7003460003,유화증권,KOSPI,,3070,1,5,0.16,3070,3090,3055,14420,44308890,174076414050,56702415,STK
996,000300,KR7000300004,DH오토넥스,KOSPI,,4200,0,0,0.0,0,0,0,0,0,174035631000,41437055,STK
1000,025560,KR7025560004,미래산업,KOSPI,,6200,2,-70,-1.12,6390,6530,6190,443823,2803764290,172227803600,27778678,STK
1003,000700,KR7000700005,유수홀딩스,KOSPI,,6570,2,-70,-1.05,6640,6650,6550,14371,94641760,171094704840,26041812,STK
1004,013890,KR7013890009,지누스,KOSPI,,7800,1,60,0.78,7730,7820,7570,5291,40853590,171021341400,21925813,STK
1009,000860,KR7000860007,강남제비스코,KOSPI,,12990,1,340,2.69,12640,13010,12570,22407,287100660,168870000000,13000000,STK
1012,004380,KR7004380002,삼익THK,KOSPI,,8120,1,20,0.25,8100,8350,8100,18752,153274390,168084000000,20700000,STK
1031,101530,KR7101530004,해태제과식품,KOSPI,,5570,2,-30,-0.54,5600,5650,5510,27030,150526850,162180698540,29116822,STK
1032,016880,KR7016880007,웅진,KOSPI,,2025,1,65,3.32,1979,2025,1960,64880,129765526,161852337000,79927080,STK
1037,090350,KR7090350000,노루페인트,KOSPI,,8030,2,-10,-0.12,7980,8050,7930,23903,191492305,160600000000,20000000,STK
1041,002170,KR7002170009,SYTS,KOSPI,,53300,2,-1000,-1.84,54300,54900,53100,631,33970200,159900000000,3000000,STK
1047,007570,KR7007570005,일양약품,KOSPI,,8330,2,-40,-0.48,8370,8430,8240,5882,48878505,158983581120,19085664,STK
1056,460850,KR7460850001,동국씨엠,KOSPI,,5250,1,30,0.57,5290,5300,5210,22714,118923390,156967944000,29898656,STK
1057,001210,KR7001210004,금호전기,KOSPI,,12680,1,510,4.19,12470,13490,11810,4583500,58417835055,156927882880,12376016,STK
1062,001780,KR7001780006,알루코,KOSPI,,1607,1,12,0.75,1595,1616,1590,160907,258221721,155606022124,96830132,STK
1064,077500,KR7077500007,유니퀘스트,KOSPI,,7170,2,-270,-3.63,7500,7600,7010,87766,638171340,154872731340,21600102,STK
1065,271980,KR7271980005,제일약품,KOSPI,,10500,2,-20,-0.19,10460,10600,10140,50552,525425065,154401156000,14704872,STK
1067,400760,KR7400760005,NH올원리츠,KOSPI,,2800,1,5,0.18,2790,2810,2765,114873,319765062,153801970000,54929275,STK
1070,462520,KR7462520008,조선내화,KOSPI,,12910,1,60,0.47,12860,13090,12850,4469,57638800,153050218880,11855168,STK
1072,009470,KR7009470006,삼화전기,KOSPI,,23050,1,250,1.1,23300,23300,22650,26409,606469575,152448551000,6613820,STK
1076,003830,KR7003830007,대한화섬,KOSPI,,114500,2,-300,-0.26,118900,118900,113600,131,14986100,152056000000,1328000,STK
1077,000970,KR7000970004,한국주철관,KOSPI,,6660,3,0,0.0,6660,6690,6620,23608,156680130,151851330000,22800500,STK
1081,293480,KR7293480000,하나제약,KOSPI,,8500,2,-20,-0.23,8530,8530,8360,11528,97192490,151070041000,17772946,STK
1094,004970,KR7004970000,신라교역,KOSPI,,9330,1,170,1.86,9190,9380,9160,18612,173196410,149280000000,16000000,STK
1095,071840,KR7071840003,롯데하이마트,KOSPI,,6310,2,-10,-0.16,6380,6380,6310,7963,50334550,148964662720,23607712,STK
1098,107590,KR7107590002,미원홀딩스,KOSPI,,64000,1,1200,1.91,63500,64000,62900,626,39978500,148480000000,2320000,STK
1099,272550,KR7272550005,삼양패키징,KOSPI,,9850,2,-30,-0.3,9880,9980,9740,15648,154010840,148423799100,15068406,STK
1103,004090,KR7004090007,한국석유,KOSPI,,11500,1,170,1.5,11400,11540,11330,76539,876695495,145982380000,12694120,STK
1104,004150,KR7004150009,한솔홀딩스,KOSPI,,3555,1,70,2.01,3525,3585,3455,128310,454321040,145849634100,41026620,STK
1105,000020,KR7000020008,동화약품,KOSPI,,5220,1,10,0.19,5210,5300,5150,60859,317595710,145802273400,27931470,STK
1112,004960,KR7004960001,한신공영,KOSPI,,12440,2,-110,-0.88,12290,12600,12280,22029,272699760,143939532880,11570702,STK
1118,025820,KR7025820002,이구산업,KOSPI,,4265,2,-15,-0.35,4325,4325,4240,63110,269482950,142630130000,33442000,STK
1119,002210,KR7002210003,동성제약,KOSPI,,1473,1,48,3.37,1444,1504,1415,89039,130963217,142320533811,96619507,STK
1123,001080,KR7001080001,만호제강,KOSPI,,4000,2,-10,-0.25,4005,4040,4000,23312,93543065,140459840000,35114960,STK
1126,003480,KR7003480001,한진중공업홀딩스,KOSPI,,4740,3,0,0.0,4740,4755,4700,16686,78786475,139971308880,29529812,STK
1127,094280,KR7094280005,효성ITX,KOSPI,,12080,1,60,0.5,12030,12120,11970,7034,84663200,139623056000,11558200,STK
1128,015890,KR7015890007,태경산업,KOSPI,,4775,2,-25,-0.52,4795,4805,4770,9530,45536345,139567281250,29228750,STK
1136,081000,KR7081000002,일진다이아,KOSPI,,9730,1,160,1.67,9660,9880,9570,19090,185377490,138194946750,14202975,STK
1148,008350,KR7008350001,남선알미늄,KOSPI,,1057,1,5,0.48,1056,1074,1039,619144,655885249,136436598130,129079090,STK
1149,000520,KR7000520007,삼일제약,KOSPI,,6280,1,50,0.8,6230,6300,6140,35469,220885475,136224573080,21691811,STK
1153,006060,KR7006060008,화승인더,KOSPI,,2440,2,-15,-0.61,2450,2460,2440,25653,62863558,134980800000,55320000,STK
1164,024090,KR7024090003,디씨엠,KOSPI,,11640,2,-90,-0.77,11720,11720,11630,871,10153150,132696000000,11400000,STK
1166,214390,KR7214390007,경보제약,KOSPI,,5510,1,90,1.66,5350,5610,5350,35198,193938845,131726798600,23906860,STK
1169,002390,KR7002390003,한독,KOSPI,,9530,3,0,0.0,9520,9600,9160,7166,68328210,131166469490,13763533,STK
1172,012610,KR7012610002,경인양행,KOSPI,,3145,2,-15,-0.47,3170,3180,3100,117687,369026124,130883467925,41616365,STK
1174,004080,KR7004080008,신흥,KOSPI,,14010,2,-10,-0.07,14020,14070,14000,385,5393510,130293000000,9300000,STK
1175,267290,KR7267290005,경동도시가스,KOSPI,,22100,2,-50,-0.23,22000,22150,21900,3454,76087700,130288472600,5895406,STK
1178,013520,KR7013520002,화승코퍼레이션,KOSPI,,2595,1,25,0.97,2570,2595,2540,40311,103103125,129882998940,50051252,STK
1180,009270,KR7009270000,신원,KOSPI,,1130,2,-33,-2.84,1163,1163,1125,604801,686327923,129690544090,114770393,STK
1185,037560,KR7037560000,LG헬로비전,KOSPI,,1654,1,14,0.85,1649,1655,1634,58795,96521858,128097114710,77446865,STK
1186,210540,KR7210540001,디와이파워,KOSPI,,11590,1,50,0.43,11700,11700,11460,33248,383001885,127973395720,11041708,STK
1192,214420,KR7214420002,토니모리,KOSPI,,5250,2,-40,-0.76,5290,5300,5190,32932,172647765,126287694750,24054799,STK
1196,350520,KR7350520003,이지스레지던스리츠,KOSPI,,3400,2,-5,-0.15,3405,3405,3315,38764,129514280,125345086800,36866202,STK
1199,014280,KR7014280002,금강공업,KOSPI,,4270,1,30,0.71,4295,4590,4205,85280,372170378,125236354390,29329357,STK
1205,001360,KR7001360007,삼성제약,KOSPI,,1324,1,5,0.38,1323,1337,1309,205741,272736102,124670592596,94162079,STK
1208,089470,KR7089470009,HDC현대EP,KOSPI,,3895,2,-60,-1.52,3955,3955,3890,23966,93526450,124250500000,31900000,STK
1210,078000,KR7078000007,텔코웨어,KOSPI,,13410,1,50,0.37,13260,13420,13260,223,2981610,123909432570,9240077,STK
1211,007540,KR7007540008,샘표,KOSPI,,43000,3,0,0.0,43000,43800,42950,1643,71011100,123659400000,2875800,STK
1213,009070,KR7009070004,KCTC,KOSPI,,4115,2,-25,-0.6,4140,4145,4085,79946,328760330,123450000000,30000000,STK
1215,018470,KR7018470005,조일알미늄,KOSPI,,973,0,0,0.0,0,0,0,0,0,123212664533,126631721,STK
1216,008040,KR7008040008,사조동아원,KOSPI,,8700,1,150,1.75,8550,9030,8460,76587,673273860,122795802000,14114460,STK
1224,005800,KR7005800008,신영와코루,KOSPI,,13570,1,20,0.15,13580,13750,13410,4529,61494320,122130000000,9000000,STK
1225,002620,KR7002620003,제일파마홀딩스,KOSPI,,7610,2,-80,-1.04,7680,8200,7530,1879,14425470,121557231550,15973355,STK
1228,079430,KR7079430005,현대리바트,KOSPI,,6020,1,40,0.67,5980,6040,5980,6559,39363755,121087496040,20114202,STK
1237,227840,KR7227840006,현대코퍼레이션홀딩스,KOSPI,,13150,2,-130,-0.98,13280,13280,12980,5821,76484560,119675993400,9100836,STK
1242,008970,KR7008970006,KBI동양철관,KOSPI,,1143,1,5,0.44,1138,1158,1125,923829,1053753894,118605574701,103766907,STK
1245,011690,KR7011690005,와이투솔루션,KOSPI,,3220,2,-30,-0.92,3255,3330,3175,118971,382633085,118188148680,36704394,STK
1249,017550,KR7017550005,수산세보틱스,KOSPI,,1875,2,-18,-0.95,1885,1898,1851,184366,346091625,116998368750,62399130,STK
1252,034590,KR7034590000,인천도시가스,KOSPI,,26650,1,100,0.38,26450,26650,26400,304,8086700,116587194100,4374754,STK
1257,001520,KR7001520006,동양,KOSPI,,1083,1,11,1.03,1082,1102,1064,193879,210388023,116013160656,107122032,STK
1263,013570,KR7013570007,디와이,KOSPI,,4390,1,10,0.23,4480,4490,4350,22740,99840299,115543188870,26319633,STK
1268,083420,KR7083420000,그린케미칼,KOSPI,,4770,2,-40,-0.83,4865,4865,4735,31967,152827352,114480000000,24000000,STK
1271,011280,KR7011280005,태림포장,KOSPI,,1609,2,-11,-0.68,1642,1643,1609,17365,28089647,113926757460,70805940,STK
1274,003010,KR7003010006,혜인,KOSPI,,8900,2,-1750,-16.43,10650,10870,8860,936924,8844099715,113143448300,12712747,STK
1276,012320,KR7012320008,경동인베스트,KOSPI,,47800,1,400,0.84,47150,47900,46750,4084,193874100,113048099400,2365023,STK
1277,014530,KR7014530000,극동유화,KOSPI,,3240,2,-5,-0.15,3250,3260,3240,18966,61589885,112976920800,34869420,STK
1290,002460,KR7002460004,HS화성,KOSPI,,10960,1,220,2.05,10700,10960,10620,2638,28379940,111244000000,10150000,STK
1293,016710,KR7016710006,대성홀딩스,KOSPI,,6900,1,30,0.44,6940,6960,6800,9065,62359980,111017267100,16089459,STK
1295,023450,KR7023450000,동남합성,KOSPI,,31700,1,100,0.32,31600,31750,31250,978,30813825,110950000000,3500000,STK
1298,002780,KR7002780005,진흥기업,KOSPI,,7570,2,-250,-3.2,8340,8480,7520,262868,2050920470,110122107180,14547174,STK
1303,011810,KR7011810009,STX,KOSPI,,3530,0,0,0.0,0,0,0,0,0,109493282310,31017927,STK
1304,004250,KR7004250007,NPC,KOSPI,,2980,2,-50,-1.65,3035,3035,2980,13551,40648075,109425600000,36720000,STK
1305,001290,KR7001290006,상상인증권,KOSPI,,1010,0,0,0.0,0,0,0,0,0,109420491200,108337120,STK
1307,010100,KR7010100006,한국무브넥스,KOSPI,,3560,2,-20,-0.56,3590,3600,3530,40551,144547377,108403495200,30450420,STK
1317,012800,KR7012800009,대창,KOSPI,,1169,2,-5,-0.43,1180,1190,1162,319475,374726251,106543243331,91140499,STK
1318,016740,KR7016740003,두올,KOSPI,,3710,2,-65,-1.72,3755,3755,3685,20579,76687805,106380629040,28674024,STK
1319,035000,KR7035000009,HS애드,KOSPI,,6560,2,-20,-0.3,6580,6590,6520,21614,141792540,106322144640,16207644,STK
1320,021820,KR7021820006,세원정공,KOSPI,,10630,2,-40,-0.37,10740,10790,10540,3642,38534440,106300000000,10000000,STK
1326,002450,KR7002450005,삼익악기,KOSPI,,1167,1,8,0.69,1160,1172,1159,166278,193704870,105649577805,90530915,STK
1329,120030,KR7120030002,조선선재,KOSPI,,83900,1,100,0.12,83800,83900,83000,188,15722700,105516918900,1257651,STK
1330,092220,KR7092220003,KEC,KOSPI,,2625,1,25,0.96,2610,2685,2600,127220,335205522,105400648500,40152628,STK
1332,014580,KR7014580005,태경비케이,KOSPI,,3810,2,-15,-0.39,3850,3850,3790,25467,97038724,105091611000,27583100,STK
1334,248170,KR7248170003,샘표식품,KOSPI,,22950,2,-250,-1.08,23200,23450,22500,15107,348063100,104842163700,4568286,STK
1335,027970,KR7027970003,한국제지,KOSPI,,2755,1,15,0.55,2740,2760,2660,38277,103254295,104773046720,38030144,STK
1342,267850,KR7267850006,아시아나IDT,KOSPI,,9270,1,20,0.22,9290,9370,9270,2787,25982830,102897000000,11100000,STK
1343,006660,KR7006660005,삼성공조,KOSPI,,12640,1,330,2.68,12410,13580,12330,549680,7100869195,102716608960,8126314,STK
1345,123690,KR7123690000,한국화장품,KOSPI,,6390,1,50,0.79,6340,6450,6260,25015,159461850,102674520000,16068000,STK
1350,004100,KR7004100004,태양금속,KOSPI,,2770,1,80,2.97,2700,2840,2660,522277,1444391341,101659000000,36700000,STK
1351,264900,KR7264900002,크라운제과,KOSPI,,8090,2,-20,-0.25,8150,8150,8090,2289,18611640,101317946500,12523850,STK
1353,119650,KR7119650000,KC코트렐,KOSPI,,918,0,0,0.0,0,0,0,0,0,100782913662,109785309,STK
1354,006840,KR7006840003,AK홀딩스,KOSPI,,7580,2,-130,-1.69,7710,7990,7570,8112,61998290,100416512380,13247561,STK
1356,009580,KR7009580002,무림P&P,KOSPI,,1605,2,-18,-1.11,1657,1657,1605,30623,49469035,100101160020,62368324,STK
1357,012200,KR7012200002,계양전기,KOSPI,,3670,1,70,1.94,3620,3720,3580,171240,626761277,99907782430,27222829,STK
1359,036580,KR7036580009,팜스코,KOSPI,,2715,1,95,3.63,2620,2780,2605,161594,440893617,99716365245,36727943,STK
1363,013700,KR7013700000,까뮤이앤씨,KOSPI,,1662,2,-18,-1.07,1679,1708,1652,131515,220372867,99305879460,59750830,STK
1364,008700,KR7008700007,아남전자,KOSPI,,1286,1,13,1.02,1273,1301,1258,285504,367017399,99182518520,77124820,STK
1366,067830,KR7067830000,세이브존I&C,KOSPI,,2400,3,0,0.0,2400,2420,2375,14738,35283980,98498148000,41040895,STK
1369,008260,KR7008260002,NI스틸,KOSPI,,3405,2,-15,-0.44,3420,3475,3390,64745,221532019,97383398385,28600117,STK
1372,014790,KR7014790000,HL D&I,KOSPI,,2560,1,5,0.2,2555,2605,2540,22141,56677485,96918018560,37858601,STK
1374,070960,KR7070960000,모나용평,KOSPI,,2010,2,-20,-0.99,2035,2050,1998,21374,42959959,96747999330,48133333,STK
1380,032560,KR7032560005,황금에스티,KOSPI,,5660,2,-40,-0.7,5700,5730,5640,12425,70408865,96220000000,17000000,STK
1384,014440,KR7014440002,영보화학,KOSPI,,4785,2,-10,-0.21,4795,4795,4745,15099,71903631,95700000000,20000000,STK
1386,417310,KR7417310000,코람코더원리츠,KOSPI,,2365,2,-5,-0.21,2370,2370,2360,64022,151626995,95546000000,40400000,STK
1391,007210,KR7007210008,벽산,KOSPI,,1453,1,23,1.61,1430,1453,1418,51313,73625925,94968080000,65360000,STK
1393,019180,KR7019180009,티에이치엔,KOSPI,,5260,1,30,0.57,5230,5280,5200,41329,216453415,94680000000,18000000,STK
1413,363280,KR7363280009,티와이홀딩스,KOSPI,,2025,1,25,1.25,2025,2050,1985,16561,33353741,92132099325,45497333,STK
1419,001020,KR7001020007,페이퍼코리아,KOSPI,,2565,1,105,4.27,2500,2595,2425,14251,36087070,91305438030,35596662,STK
1423,058850,KR7058850009,KTcs,KOSPI,,2185,2,-15,-0.68,2190,2210,2180,34264,75028686,90468723250,41404450,STK
1425,002200,KR7002200004,한국수출포장,KOSPI,,2680,2,-45,-1.65,2700,2720,2660,32422,86627106,89779841880,33499941,STK
1428,058860,KR7058860008,KTis,KOSPI,,2575,2,-10,-0.39,2585,2590,2565,22339,57536465,89615150000,34802000,STK
1440,004890,KR7004890000,동일산업,KOSPI,,36150,2,-450,-1.23,36600,36600,36150,207,7495050,87671522250,2425215,STK
1444,004140,KR7004140000,동방,KOSPI,,1819,1,8,0.44,1822,1837,1794,102946,186349745,87260642354,47971766,STK
1445,003580,KR7003580008,HLB글로벌,KOSPI,,1722,2,-15,-0.86,1739,1797,1691,138859,238724889,87242555610,50663505,STK
1447,023000,KR7023000003,삼원강재,KOSPI,,2190,2,-25,-1.13,2215,2230,2190,9393,20714502,87030503640,39739956,STK
1472,139990,KR7139990006,아주스틸,KOSPI,,2190,2,-35,-1.57,2240,2240,2160,23835,52563435,84874356660,38755414,STK
1474,025620,KR7025620006,차AI헬스케어,KOSPI,,4660,2,-140,-2.92,4800,4860,4660,9388,44384663,84830514180,18203973,STK
1479,005740,KR7005740006,크라운해태홀딩스,KOSPI,,5660,3,0,0.0,5620,5710,5610,6339,35796100,84035984020,14847347,STK
1483,023800,KR7023800006,인지컨트롤스,KOSPI,,5310,2,-60,-1.12,5390,5400,5300,22835,121758480,83946836070,15809197,STK
1488,006090,KR7006090005,사조오양,KOSPI,,8860,2,-110,-1.23,8910,9190,8860,6592,58921700,83485467540,9422739,STK
1489,002600,KR7002600005,조흥,KOSPI,,139000,1,1100,0.8,140400,140400,139000,3,418400,83400000000,600000,STK
1493,015590,KR7015590003,DKME,KOSPI,,1552,1,60,4.02,1493,1630,1451,142682,222734931,82871070016,53396308,STK
1505,109070,KR7109070003,주성코퍼레이션,KOSPI,,1550,0,0,0.0,0,0,0,0,0,81855856500,52810230,STK
1508,002220,KR7002220002,한일철강,KOSPI,,3045,1,30,1.0,3030,3055,2960,124216,374627520,81293765700,26697460,STK
1510,013360,KR7013360003,일성건설,KOSPI,,1503,2,-27,-1.76,1538,1555,1500,251899,381290640,81199394640,54024880,STK
1515,055490,KR7055490007,테이팩스,KOSPI,,16900,2,-360,-2.09,17590,17590,16820,15996,272209560,80894385000,4786650,STK
1516,111380,KR7111380002,동인기연,KOSPI,,13200,2,-240,-1.79,13440,13500,13160,4386,58031580,80889600000,6128000,STK
1518,007980,KR7007980006,TP,KOSPI,,1720,2,-10,-0.58,1731,1731,1707,105654,181210648,80663442000,46897350,STK
1520,000850,KR7000850008,화천기공,KOSPI,,36600,1,950,2.66,35850,37400,35550,14320,526023925,80520000000,2200000,STK
1521,019680,KR7019680008,대교,KOSPI,,1000,0,0,0.0,0,0,0,0,0,80467700000,80467700,STK
1542,163560,KR7163560006,동일고무벨트,KOSPI,,5640,2,-50,-0.88,5740,5750,5630,18797,106539845,78396000000,13900000,STK
1544,009180,KR7009180001,한솔로지스틱스,KOSPI,,2780,2,-20,-0.71,2805,2805,2775,10991,30687826,78273193500,28155825,STK
1548,004840,KR7004840005,DRB동일,KOSPI,,4045,2,-35,-0.86,4080,4085,4035,16666,67510990,77956712380,19272364,STK
1549,005750,KR7005750005,대림바스,KOSPI,,4690,2,-45,-0.95,4755,4795,4610,59819,279786070,77817605600,16592240,STK
1552,000590,KR7000590000,CS홀딩스,KOSPI,,67300,1,400,0.6,68100,68100,66400,363,24277200,77696638600,1154482,STK
1555,069730,KR7069730000,DSR제강,KOSPI,,5390,2,-160,-2.88,5580,5600,5390,39424,214344515,77616000000,14400000,STK
1563,001260,KR7001260009,남광토건,KOSPI,,7840,2,-160,-2.0,8000,8050,7790,27467,216728990,77087364480,9832572,STK
1566,011700,KR7011700002,한신기계,KOSPI,,2375,1,55,2.37,2360,2430,2270,145674,345642263,77059608625,32446151,STK
1578,007590,KR7007590003,동방아그로,KOSPI,,5590,3,0,0.0,5590,5600,5580,1231,6879730,76122255430,13617577,STK
1593,014160,KR7014160006,대영포장,KOSPI,,692,1,2,0.29,679,701,675,188721,130080203,75009027908,108394549,STK
1595,095720,KR7095720009,웅진씽크빅,KOSPI,,1317,1,56,4.44,1274,1359,1265,84734,112544548,74841270945,56827085,STK
1598,010960,KR7010960003,삼호개발,KOSPI,,3095,2,-65,-2.06,3165,3165,3090,94216,292803234,74651400000,24120000,STK
1599,058730,KR7058730003,다스코,KOSPI,,3685,1,60,1.66,3775,3890,3640,1814050,6819865531,74625859935,20251251,STK
1600,214330,KR7214330003,금호에이치티,KOSPI,,7130,1,1220,20.64,5920,7550,5920,1214488,8545598140,74557903770,10456929,STK
1602,063160,KR7063160006,종근당바이오,KOSPI,,13570,2,-70,-0.51,13500,13620,13500,4234,57351210,74444504340,5485962,STK
1604,210980,KR7210980009,SK디앤디,KOSPI,,3985,2,-50,-1.24,4155,4195,3875,311883,1251563080,74190267270,18617382,STK
1606,013870,KR7013870001,지엠비코리아,KOSPI,,3875,1,30,0.78,3845,3960,3845,6112,23610940,73905085000,19072280,STK
1607,084680,KR7084680008,이월드,KOSPI,,521,2,-10,-1.88,531,540,513,366743,191676915,73881026553,141806193,STK
1621,011150,KR7011150000,CJ씨푸드,KOSPI,,2020,1,26,1.3,1994,2020,1983,34297,68772303,72580161460,35930773,STK
1622,000180,KR7000180000,성창기업지주,KOSPI,,5200,2,-10,-0.19,5210,5240,5200,3581,18684760,72541664000,13950320,STK
1634,004770,KR7004770004,써니전자,KOSPI,,2025,2,-160,-7.32,2155,2180,1985,2267714,4660777460,71902561950,35507438,STK
1636,002720,KR7002720001,국제약품,KOSPI,,3395,2,-20,-0.59,3430,3430,3370,23491,79602015,71837629640,21159832,STK
1644,338100,KR7338100001,NH프라임리츠,KOSPI,,3815,2,-35,-0.91,3850,3850,3800,46316,176840115,71187900000,18660000,STK
1645,001560,KR7001560002,제일연마,KOSPI,,9360,1,80,0.86,9320,9440,9280,3941,36827600,71136000000,7600000,STK
1648,000230,KR7000230003,일동홀딩스,KOSPI,,6150,2,-150,-2.38,6300,6340,6140,13656,84760280,70973460000,11540400,STK
1652,007610,KR7007610009,선도전기,KOSPI,,3935,2,-5,-0.13,3970,4020,3925,101219,401234295,70830000000,18000000,STK
1661,155660,KR7155660004,DSR,KOSPI,,4380,2,-90,-2.01,4470,4485,4380,6941,30649815,70080000000,16000000,STK
1662,009770,KR7009770009,삼정펄프,KOSPI,,28000,2,-300,-1.06,28300,28900,27850,1190,33538750,69999188000,2499971,STK
1666,031820,KR7031820004,아이티센씨티에스,KOSPI,,5740,2,-60,-1.03,5840,5840,5720,8662,49787470,69483538040,12105146,STK
1668,084670,KR7084670009,동양고속,KOSPI,,23950,1,150,0.63,23800,24500,23650,6865,164725300,69348877550,2895569,STK
1679,010660,KR7010660009,화천기계,KOSPI,,3115,1,75,2.47,3070,3140,2995,97404,300359504,68530000000,22000000,STK
1681,004720,KR7004720009,팜젠사이언스,KOSPI,,3020,2,-50,-1.63,3085,3085,3010,24245,73690213,68416182300,22654365,STK
1686,004440,KR7004440004,삼일씨엔에스,KOSPI,,5360,2,-30,-0.56,5390,5460,5260,16432,88103590,68243235920,12731947,STK
1693,002700,KR7002700003,신일전자,KOSPI,,989,2,-8,-0.8,1002,1003,987,443860,439438029,67793498269,68547521,STK
1695,085310,KR7085310001,엔케이,KOSPI,,9130,1,50,0.55,9110,9170,8630,6348,57242270,67727015620,7418074,STK
1696,079980,KR7079980009,휴비스,KOSPI,,1963,2,-17,-0.86,1981,2045,1950,47386,92982803,67723500000,34500000,STK
1707,010040,KR7010040004,한국내화,KOSPI,,1631,2,-12,-0.73,1625,1675,1573,89008,144824136,66980378122,41067062,STK
1713,018500,KR7018500009,동원모빌리티,KOSPI,,1422,2,-16,-1.11,1440,1440,1420,37011,52969331,66485514726,46754933,STK
1714,007280,KR7007280001,한국특강,KOSPI,,2320,3,0,0.0,2350,2350,2310,3725,8685305,66459972800,28646540,STK
1715,014990,KR7014990006,인디에프,KOSPI,,4415,1,55,1.26,4240,4970,3990,2410953,10866750739,66324774585,15022599,STK
1731,016090,KR7016090003,대현,KOSPI,,1450,1,6,0.42,1440,1450,1435,49694,71545029,64209349500,44282310,STK
1733,017370,KR7017370008,우신시스템,KOSPI,,3500,2,-150,-4.11,3650,3650,3490,44458,156206400,64099189000,18314054,STK
1737,100220,KR7100220003,비상교육,KOSPI,,4905,2,-55,-1.11,4960,4985,4900,5114,25204020,63749014605,12996741,STK
1739,071090,KR7071090005,하이스틸,KOSPI,,3155,1,30,0.96,3125,3270,3105,509843,1628068441,63704091005,20191471,STK
1749,068290,KR7068290006,삼성출판사,KOSPI,,6300,3,0,0.0,6250,6300,6210,3229,20194770,63000000000,10000000,STK
1755,005870,KR7005870001,휴니드,KOSPI,,4445,1,145,3.37,4375,4470,4320,50658,222736592,62745686675,14116015,STK
1758,009200,KR7009200007,무림페이퍼,KOSPI,,1504,2,-11,-0.73,1515,1540,1504,27099,41056821,62580402240,41609310,STK
1763,004450,KR7004450003,삼화왕관,KOSPI,,28850,1,1200,4.34,27750,28850,27650,6171,175105900,62153834150,2154379,STK
1764,000220,KR7000220004,유유제약,KOSPI,,3940,1,100,2.6,3850,4085,3830,565792,2247875352,62045000280,15747462,STK
1769,072130,KR7072130008,유엔젤,KOSPI,,4820,1,85,1.8,4735,4820,4700,29427,139550865,61192088280,12695454,STK
1779,002760,KR7002760007,보락,KOSPI,,1008,2,-9,-0.88,1008,1023,1005,45022,45624122,60379200000,59900000,STK
1788,006890,KR7006890008,태경케미컬,KOSPI,,5150,1,50,0.98,5100,5180,5100,29695,152824910,59740000000,11600000,STK
1798,396690,KR7396690000,미래에셋글로벌리츠,KOSPI,,1490,2,-60,-3.87,1540,1540,1467,159211,235518320,59012850600,39605940,STK
1808,111110,KR7111110003,호전실업,KOSPI,,6420,3,0,0.0,6420,6450,6360,2377,15187365,58203720000,9066000,STK
1815,092440,KR7092440007,기신정기,KOSPI,,1987,2,-33,-1.63,2050,2050,1974,95349,189536908,58020400000,29200000,STK
1818,001550,KR7001550003,조비,KOSPI,,11140,2,-260,-2.28,11350,11350,10980,57099,635382310,57841542460,5192239,STK
1826,129260,KR7129260006,인터지스,KOSPI,,1914,3,0,0.0,1914,1931,1911,22025,42218720,56937430836,29747874,STK
1827,009190,KR7009190000,대양금속,KOSPI,,1294,2,-13,-0.99,1314,1375,1240,819145,1057406255,56918239850,43986275,STK
1829,378850,KR7378850002,화승알앤에이,KOSPI,,2995,1,5,0.17,2990,3005,2940,26358,78474905,56885900885,18993623,STK
1830,075180,KR7075180000,새론오토모티브,KOSPI,,2960,1,40,1.37,2920,2990,2910,50311,148105480,56832000000,19200000,STK
1840,006980,KR7006980007,우성,KOSPI,,18270,1,2320,14.55,18000,20700,17950,142009,2781871945,56454300000,3090000,STK
1845,011390,KR7011390002,부산산업,KOSPI,,53000,2,-400,-0.75,53300,53500,50100,13947,719468250,55968000000,1056000,STK
1852,020760,KR7020760005,일진디스플,KOSPI,,902,0,0,0.0,0,0,0,0,0,55503470462,61533781,STK
1854,024900,KR7024900003,디와이덕양,KOSPI,,1695,2,-2,-0.12,1697,1716,1691,24817,42224668,55197641100,32564980,STK
1862,012690,KR7012690004,모나리자,KOSPI,,1492,2,-12,-0.8,1515,1516,1486,96065,143631141,54564312460,36571255,STK
1869,002630,KR7002630002,오리엔트바이오,KOSPI,,913,0,0,0.0,0,0,0,0,0,54133141326,59291502,STK
1870,090080,KR7090080003,평화산업,KOSPI,,984,1,5,0.51,984,987,970,50654,49662147,54023822856,54902259,STK
1873,000950,KR7000950006,전방,KOSPI,,32100,2,-600,-1.83,32650,34700,32100,1385,45702400,53928000000,1680000,STK
1874,025530,KR7025530007,SJM홀딩스,KOSPI,,3610,2,-45,-1.23,3655,3670,3610,4047,14667755,53911768880,14934008,STK
1877,101140,KR7101140002,인바이오젠,KOSPI,,5350,2,-220,-3.95,5670,5670,5310,2408,13240790,53736555600,10044216,STK
1879,123700,KR7123700007,SJM,KOSPI,,3440,1,5,0.15,3405,3465,3405,693,2376235,53680849120,15604898,STK
1883,021050,KR7021050000,서원,KOSPI,,1123,1,1,0.09,1111,1135,1111,73901,82695305,53313964570,47474590,STK
1886,002410,KR7002410009,범양건영,KOSPI,,1935,0,0,0.0,0,0,0,0,0,53173451700,27479820,STK
1894,004830,KR7004830006,덕성,KOSPI,,3365,1,45,1.36,3320,3550,3315,134062,454396896,52763200000,15680000,STK
1896,007460,KR7007460009,에이프로젠,KOSPI,,2120,2,-40,-1.85,2160,2175,2100,333579,708900057,52631020360,24825953,STK
1903,480370,KR7480370006,씨케이솔루션,KOSPI,,1598,1,138,9.45,1471,1666,1470,304240,488871949,51905289984,32481408,STK
1908,372910,KR7372910000,한컴라이프케어,KOSPI,,1860,2,-9,-0.48,1884,1884,1841,37486,69765266,51474395160,27674406,STK
1909,010770,KR7010770006,평화홀딩스,KOSPI,,3515,2,-15,-0.42,3530,3575,3500,38085,133897490,51408512990,14625466,STK
1918,002140,KR7002140002,고려산업,KOSPI,,2045,2,-15,-0.73,2070,2075,2025,169221,346285066,51001124125,24939425,STK
1920,023810,KR7023810005,인팩,KOSPI,,5090,2,-90,-1.74,5180,5180,5000,31052,157217990,50900000000,10000000,STK
1923,006880,KR7006880009,신송홀딩스,KOSPI,,4290,2,-60,-1.38,4350,4360,4270,13147,56516525,50745800820,11828858,STK
1927,003780,KR7003780004,진양산업,KOSPI,,3880,2,-20,-0.51,3915,3940,3875,25507,99641625,50440000000,13000000,STK
1932,001620,KR7001620004,케이비아이동국실업,KOSPI,,2250,2,-10,-0.44,2260,2295,2200,26133,58543117,50081863500,22258606,STK
1939,011230,KR7011230000,삼화전자,KOSPI,,2580,1,5,0.19,2600,2620,2555,100252,258432849,49447725300,19165785,STK
1944,011000,KR7011000007,진원생명과학,KOSPI,,2670,0,0,0.0,0,0,0,0,0,48531471270,18176581,STK
1948,027740,KR7027740000,마니커,KOSPI,,1518,2,-32,-2.06,1536,1553,1470,245201,368647723,48205022052,31755614,STK
1952,004410,KR7004410007,서울식품,KOSPI,,1215,2,-26,-2.1,1246,1255,1208,102857,125354055,47937840795,39455013,STK
1957,357250,KR7357250000,미래에셋맵스리츠,KOSPI,,1908,2,-2,-0.1,1910,1914,1870,38451,72969128,47690660340,24995105,STK
1959,004920,KR7004920005,씨아이테크,KOSPI,,911,2,-2,-0.22,913,913,893,290408,263488135,47535863392,52179872,STK
1961,041650,KR7041650003,상신브레이크,KOSPI,,2205,3,0,0.0,2200,2230,2190,9167,20172515,47344547250,21471450,STK
1966,009320,KR7009320003,아진전자부품,KOSPI,,949,3,0,0.0,945,961,945,26084,24792804,46785481730,49299770,STK
1969,004910,KR7004910006,조광페인트,KOSPI,,3650,1,110,3.11,3530,3690,3530,6458,23239945,46720000000,12800000,STK
1970,007110,KR7007110000,일신석재,KOSPI,,603,0,0,0.0,0,0,0,0,0,46706335830,77456610,STK
1971,002920,KR7002920007,유성기업,KOSPI,,1800,3,0,0.0,1792,1836,1789,134254,242719592,46705500000,25947500,STK
1977,004540,KR7004540001,깨끗한나라,KOSPI,,1250,1,25,2.04,1244,1254,1202,57311,71125085,46550866250,37240693,STK
1978,004060,KR7004060000,SG세계물산,KOSPI,,2290,2,-5,-0.22,2280,2340,2270,48077,110150060,46355315840,20242496,STK
1979,069460,KR7069460004,대호에이엘,KOSPI,,2660,0,0,0.0,0,0,0,0,0,46322277400,17414390,STK
1984,014910,KR7014910004,성문전자,KOSPI,,2115,2,-20,-0.94,2160,2195,2065,263302,555342117,46228098555,21857257,STK
1986,008420,KR7008420002,문배철강,KOSPI,,2240,1,5,0.22,2240,2305,2200,175777,397559413,45927851200,20503505,STK
1990,000910,KR7000910000,유니온,KOSPI,,2930,2,-15,-0.51,2985,2985,2930,21781,64226645,45742043670,15611619,STK
2000,084870,KR7084870005,TBH글로벌,KOSPI,,2210,1,10,0.45,2185,2230,2095,19323,41468446,45212745760,20458256,STK
2001,005030,KR7005030002,부산주공,KOSPI,,486,0,0,0.0,0,0,0,0,0,45092532168,92782988,STK
2005,003080,KR7003080009,SB성보,KOSPI,,2250,1,10,0.45,2240,2250,2230,3902,8740645,45045000000,20020000,STK
2007,023350,KR7023350002,한국종합기술,KOSPI,,4100,2,-85,-2.03,4200,4200,4100,5540,22835120,44895000000,10950000,STK
2009,074610,KR7074610007,이엔플러스,KOSPI,,5110,0,0,0.0,0,0,0,0,0,44815400070,8770137,STK
2010,026940,KR7026940007,부국철강,KOSPI,,2240,1,25,1.13,2225,2300,2170,529967,1186012951,44800000000,20000000,STK
2030,011330,KR7011330008,유니켐,KOSPI,,4360,2,-120,-2.68,4430,4485,4310,41228,180093005,43681893880,10018783,STK
2034,092780,KR7092780006,DYP,KOSPI,,3290,2,-5,-0.15,3340,3340,3245,26343,85859085,43324233400,13168460,STK
2040,481850,KR7481850006,신한글로벌액티브리츠,KOSPI,,985,1,5,0.51,987,987,971,21454,21016427,42825499040,43477664,STK
2047,017180,KR7017180001,명문제약,KOSPI,,1245,1,1,0.08,1250,1324,1225,166401,210257492,42272050230,33953454,STK
2052,011300,KR7011300001,우성머티리얼스,KOSPI,,2435,1,75,3.18,2375,2570,2300,38823,95337970,41976733675,17238905,STK
2064,019490,KR7019490002,엑시큐어하이트론,KOSPI,,541,0,0,0.0,0,0,0,0,0,41349858070,76432270,STK
2069,000760,KR7000760009,이화산업,KOSPI,,14610,1,1010,7.43,13610,14860,13330,710,9813680,40908000000,2800000,STK
2075,011420,KR7011420007,갤럭시아에스엠,KOSPI,,1474,2,-25,-1.67,1507,1507,1451,17812,26372863,40608175256,27549644,STK
2076,005320,KR7005320007,온타이드,KOSPI,,1187,2,-18,-1.49,1225,1225,1145,208581,245268638,40580972015,34187845,STK
2079,017040,KR7017040007,광명전기,KOSPI,,932,0,0,0.0,0,0,0,0,0,40390657180,43337615,STK
2082,008870,KR7008870008,금비,KOSPI,,40250,2,-450,-1.11,40100,40450,40100,774,31182550,40250000000,1000000,STK
2083,446070,KR7446070005,유니드비티플러스,KOSPI,,3790,2,-150,-3.81,3945,3950,3730,107328,412851150,40216504850,10611215,STK
2090,023960,KR7023960008,에쓰씨엔지니어링,KOSPI,,1045,1,16,1.55,1054,1056,1011,44788,46597177,39747591785,38035973,STK
2100,000890,KR7000890004,보해양조,KOSPI,,1419,1,13,0.92,1404,1437,1394,522638,739222987,39198491475,27624025,STK
2101,012280,KR7012280004,영화금속,KOSPI,,3950,2,-65,-1.62,4015,4015,3895,5542,22056345,39124358950,9904901,STK
2110,134790,KR7134790005,시디즈,KOSPI,,19310,2,-440,-2.23,19720,19750,19310,153,2975920,38620000000,2000000,STK
2111,047400,KR7047400007,유니온머티리얼,KOSPI,,919,1,3,0.33,925,925,891,78667,71134150,38598000000,42000000,STK
2112,002870,KR7002870004,신풍,KOSPI,,1104,1,46,4.35,1058,1150,1058,273823,303699836,38594404800,34958700,STK
2120,145270,KR7145270005,케이탑리츠,KOSPI,,792,1,3,0.38,781,795,780,17935,14134325,38064133008,48060774,STK
2127,012160,KR7012160008,영흥,KOSPI,,2400,1,50,2.13,2350,2520,2300,29892,72020853,37489687200,15620703,STK
2128,006370,KR7006370001,대구백화점,KOSPI,,3440,2,-140,-3.91,3570,3660,3375,191275,658294470,37226341840,10821611,STK
2132,133820,KR7133820001,화인베스틸,KOSPI,,1000,2,-12,-1.19,1018,1021,999,20552,20721774,37114502000,37114502,STK
2133,049800,KR7049800006,우진플라임,KOSPI,,1850,2,-50,-2.63,1911,1915,1850,30044,57118483,37000000000,20000000,STK
2158,009140,KR7009140005,경인전자,KOSPI,,22650,1,550,2.49,22450,22650,22000,754,16813850,35578552050,1570797,STK
2166,002880,KR7002880003,디와이에이,KOSPI,,753,0,0,0.0,0,0,0,0,0,35220818235,46773995,STK
2168,008250,KR7008250003,이건산업,KOSPI,,3190,1,70,2.24,3100,3225,3100,44470,139712075,34938905650,10952635,STK
2171,013000,KR7013000005,세우글로벌,KOSPI,,1210,1,1,0.08,1220,1220,1192,16409,19779533,34733087510,28705031,STK
2176,005820,KR7005820006,원림,KOSPI,,15010,2,-200,-1.31,15210,15320,15010,778,11757890,34492529700,2297970,STK
2195,143210,KR7143210003,핸즈코퍼레이션,KOSPI,,1199,0,0,0.0,0,0,0,0,0,33571739817,27999783,STK
2196,010640,KR7010640001,진양폴리,KOSPI,,2010,2,-110,-5.19,2120,2145,1990,99144,202972746,33567000000,16700000,STK
2207,090370,KR7090370008,메타랩스,KOSPI,,1212,1,21,1.76,1163,1333,1163,344534,429013901,33093283068,27304689,STK
2215,009460,KR7009460007,한창제지,KOSPI,,2750,1,10,0.36,2700,2825,2700,10858,30001630,32817116750,11933497,STK
2222,010400,KR7010400000,우진아이엔에스,KOSPI,,4260,2,-230,-5.12,4490,4500,4175,45681,195552625,32469720000,7622000,STK
2234,001070,KR7001070002,대한방직,KOSPI,,6050,3,0,0.0,5970,6050,5850,2069,12449730,32065000000,5300000,STK
2237,007120,KR7007120009,미래아이앤지,KOSPI,,1171,1,2,0.17,1182,1198,1170,4074,4797885,31995366494,27323114,STK
2251,006740,KR7006740005,블루산업개발,KOSPI,,5230,1,10,0.19,5340,5380,5160,7368,38980250,31123515570,5950959,STK
2261,025750,KR7025750001,한솔홈데코,KOSPI,,1910,2,-4,-0.21,1914,1917,1863,66318,124748528,30775885390,16113029,STK
2262,069640,KR7069640001,한세엠케이,KOSPI,,1410,1,2,0.14,1398,1437,1350,6280,8780391,30647028210,21735481,STK
2268,308170,KR7308170000,씨티알모빌리티,KOSPI,,3525,2,-25,-0.7,3630,3630,3375,3861,13336736,30350250000,8610000,STK
2273,023150,KR7023150006,MH에탄올,KOSPI,,4095,2,-10,-0.24,4105,4145,4080,2475,10167829,30215063970,7378526,STK
2278,036420,KR7036420008,콘텐트리중앙,KOSPI,,1560,1,3,0.19,1557,1560,1533,12729,19725905,30049200480,19262308,STK
2283,009810,KR7009810003,MDS스피어,KOSPI,,1899,2,-9,-0.47,1898,1907,1886,6110,11612695,29908494198,15749602,STK
2285,357430,KR7357430008,마스턴프리미어리츠,KOSPI,,980,1,10,1.03,967,1010,960,20212,19788379,29895200860,30505307,STK
2286,003680,KR7003680006,한성기업,KOSPI,,4805,2,-15,-0.31,4830,4950,4755,76274,367417349,29836719575,6209515,STK
2290,051630,KR7051630002,진양화학,KOSPI,,1398,2,-39,-2.71,1480,1480,1397,58473,82049992,29637600000,21200000,STK
2301,088790,KR7088790001,진도,KOSPI,,2360,1,20,0.85,2400,2400,2235,52726,123701080,29376675840,12447744,STK
2302,002690,KR7002690006,동일제강,KOSPI,,1447,2,-37,-2.49,1483,1497,1447,7098,10370796,29374620920,20300360,STK
2307,118000,KR7118000009,메타케어,KOSPI,,1322,1,7,0.53,1302,1375,1298,19636,26179399,29157747770,22055785,STK
2309,003060,KR7003060001,에이프로젠바이오로직스,KOSPI,,1818,1,8,0.44,1810,1940,1783,783066,1432471849,29068578306,15989317,STK
2310,024070,KR7024070005,WISCOM,KOSPI,,1896,2,-41,-2.12,1937,1937,1815,14438,27610818,29058926448,15326438,STK
2315,001380,KR7001380005,SG글로벌,KOSPI,,1287,2,-21,-1.61,1319,1319,1280,107702,138949301,28934425377,22482071,STK
2316,006570,KR7006570006,대림통상,KOSPI,,1900,2,-24,-1.25,1922,2050,1869,20530,39925142,28927500000,15225000,STK
2324,014130,KR7014130009,한익스프레스,KOSPI,,2430,2,-20,-0.82,2410,2445,2405,1897,4585015,28717455690,11817883,STK
2330,025890,KR7025890005,한국주강,KOSPI,,2565,2,-5,-0.19,2570,2585,2555,18221,46781340,28585940040,11144616,STK
2344,033250,KR7033250002,체시스,KOSPI,,4390,2,-435,-9.02,4780,4905,4260,128573,571408140,28096000000,6400000,STK
2357,465770,KR7465770006,STX그린로지스,KOSPI,,3800,1,50,1.33,4030,4270,3800,2006477,8075769572,27429844000,7218380,STK
2375,071950,KR7071950000,코아스,KOSPI,,1849,1,14,0.76,1816,1870,1751,50322,91428138,26735051555,14459195,STK
2379,006490,KR7006490007,프리티,KOSPI,,898,0,0,0.0,0,0,0,0,0,26560346254,29577223,STK
2380,005110,KR7005110002,한창,KOSPI,,1254,0,0,0.0,0,0,0,0,0,26467434378,21106407,STK
2405,005360,KR7005360003,모나미,KOSPI,,1354,1,1,0.07,1382,1382,1346,167307,227299703,25586953678,18897307,STK
2406,004870,KR7004870002,티웨이홀딩스,KOSPI,,1130,2,-11,-0.96,1141,1158,1125,35316,39927805,25574948740,22632698,STK
2419,002070,KR7002070001,비비안,KOSPI,,5220,1,40,0.77,5300,5460,5080,130223,690529780,25065396000,4801800,STK
2426,030720,KR7030720007,동원수산,KOSPI,,5340,2,-250,-4.47,5450,5560,5290,122759,658516720,24851318700,4653805,STK
2460,009310,KR7009310004,참엔지니어링,KOSPI,,5330,0,0,0.0,0,0,0,0,0,23329484620,4377014,STK
2474,093240,KR7093240000,형지엘리트,KOSPI,,373,3,0,0.0,374,378,368,301376,112062169,22898566607,61390259,STK
2478,004270,KR7004270005,남성,KOSPI,,4970,1,30,0.61,4960,5000,4930,9295,46218965,22663836160,4560128,STK
2481,000040,KR7000040006,KR모터스,KOSPI,,1310,0,0,0.0,0,0,0,0,0,22630297160,17275036,STK
2505,012170,KR7012170007,아센디오,KOSPI,,3010,1,165,5.8,2845,3250,2845,39199,118807136,21963130210,7296721,STK
2520,001420,KR7001420009,태원물산,KOSPI,,2810,1,20,0.72,2830,2970,2770,29147,83435475,21356000000,7600000,STK
2537,002820,KR7002820009,SUN&L,KOSPI,,1734,1,33,1.94,1701,1810,1677,73311,126523574,20917595736,12063204,STK
2557,015020,KR7015020001,이스타코,KOSPI,,928,0,0,0.0,0,0,0,0,0,19883142400,21425800,STK
2599,001770,KR7001770007,SHD,KOSPI,,14590,2,-1240,-7.83,15700,16390,12860,55989,800345845,17725070020,1214878,STK
2600,002360,KR7002360006,SH에너지화학,KOSPI,,1587,2,-17,-1.06,1604,1631,1563,49311,79371711,17636922951,11113373,STK
2601,008600,KR7008600009,윌비스,KOSPI,,2620,0,0,0.0,0,0,0,0,0,17615839860,6723603,STK
2603,009440,KR7009440009,KC그린홀딩스,KOSPI,,756,0,0,0.0,0,0,0,0,0,17568790596,23239141,STK
2620,006200,KR7006200000,한국전자홀딩스,KOSPI,,1779,2,-9,-0.5,1791,1825,1720,36407,64408372,16652555433,9360627,STK
2626,015260,KR7015260003,에이엔피,KOSPI,,352,4,81,29.89,272,352,272,7783132,2590205930,16585146688,47116894,STK
2640,011090,KR7011090008,에넥스,KOSPI,,1305,1,27,2.11,1290,1375,1285,256808,337404954,15473455470,11857054,STK
2654,024890,KR7024890006,대원화성,KOSPI,,1773,1,26,1.49,1747,1775,1724,27312,47597442,14626948590,8249830,STK
2681,044380,KR7044380004,주연테크,KOSPI,,931,2,-78,-7.73,1009,1009,842,648985,583522202,12937470196,13896316,STK
2759,145210,KR7145210001,다이나믹디자인,KOSPI,,2240,0,0,0.0,0,0,0,0,0,9461011840,4223666,STK
