Date,Close,UpDown,Comp,Change,Open,High,Low,Volume,Amount,MarCap
2025-01-06,2488.64,1,46.72,0.0191,2453.3,2489.1,2446.82,302760981,8142307849602,2036394312458755.2
2025-01-07,2492.1,1,3.46,0.0014,2513.49,2521.86,2492.09,407692929,9405964049041,2038522932687508.0
2025-01-08,2521.05,1,28.95,0.0116,2481.25,2526.77,2481.25,362908922,10391057773317,2062626681696110.0
2025-01-09,2521.9,1,0.85,0.0003,2526.1,2535.87,2515.82,404290371,11524453907612,2063837692886240.0
2025-01-10,2515.78,2,-6.12,-0.0024,2528.42,2535.24,2506.29,377586658,9691007647524,2058638841592924.0
2025-01-13,2489.56,2,-26.22,-0.0104,2508.15,2513.93,2483.73,578565446,9049053425756,2036397074805700.0
2025-01-14,2497.4,1,7.84,0.0031,2501.49,2504.89,2482.74,414487640,8199244671041,2042488521677972.0
2025-01-15,2496.81,2,-0.59,-0.0002,2511.07,2524.36,2493.1,538534310,9176243659173,2041769170734816.0
2025-01-16,2527.49,1,30.68,0.0123,2528.27,2534.01,2519.86,451062578,9432261340912,2065809157709104.0
2025-01-17,2523.55,2,-3.94,-0.0016,2520.85,2528.48,2513.84,445884915,10011839897387,2062320503702578.0
2025-01-20,2520.05,2,-3.5,-0.0014,2533.68,2536.72,2516.28,437546001,8663518721587,2059663885223968.0
2025-01-21,2518.03,2,-2.02,-0.0008,2533.23,2548.44,2507.95,572011300,9323573978039,2058259490075974.0
2025-01-22,2547.06,1,29.03,0.0115,2535.8,2552.57,2526.89,583737394,11074514904158,2081713985266172.8
2025-01-23,2515.49,2,-31.57,-0.0124,2541.24,2541.6,2515.49,609742131,9907820760947,2056088891657315.2
2025-01-24,2536.8,1,21.31,0.0085,2529.29,2542.83,2522.64,602014660,10179284029760,2073049460254918.0
2025-01-31,2517.37,2,-19.43,-0.0077,2534.33,2537.98,2496.95,454403356,13759431159982,2057132279189022.0
2025-02-03,2453.95,2,-63.42,-0.0252,2468.74,2468.74,2437.61,522848036,11649962821524,2005228762346524.8
2025-02-04,2481.69,1,27.74,0.0113,2481.44,2508.35,2471.63,479377343,11000937680837,2028588344752300.0
2025-02-05,2509.27,1,27.58,0.0111,2503.94,2514.71,2498.74,437344153,9949594557748,2056473640972619.2
2025-02-06,2536.75,1,27.48,0.011,2521.82,2536.75,2515.34,479697230,11863047995673,2078576667689643.2
2025-02-07,2521.92,2,-14.83,-0.0058,2532.09,2537.63,2519.01,419872051,10240140504999,2066649815662131.2
2025-02-10,2521.27,2,-0.65,-0.0003,2510.64,2527.33,2499.18,393563727,10582465784194,2067049975510715.2
2025-02-11,2539.05,1,17.78,0.0070999999999999,2532.87,2549.44,2527.74,451092989,11023156462010,2081311465922200.0
2025-02-12,2548.39,1,9.34,0.0037,2534.71,2549.58,2528.74,464894178,13668983788526,2088883959979358.0
2025-02-13,2583.17,1,34.78,0.0136,2558.95,2583.74,2555.98,680341736,17104156094956,2116865565381814.0
2025-02-14,2591.05,1,7.88,0.0031,2588.2,2600.57,2582.84,499364641,13917625961701,2123295637182044.0
2025-02-17,2610.42,1,19.37,0.0075,2595.99,2612.8,2592.57,366339998,11017333473620,2138576064568082.0
2025-02-18,2626.81,1,16.39,0.0063,2613.25,2628.47,2605.15,421993118,12618242477587,2152414939585228.8
2025-02-19,2671.52,1,44.71,0.017,2633.91,2680.7,2633.91,525798791,14851621874895,2190321476628339.2
2025-02-20,2654.06,2,-17.46,-0.0065,2661.72,2667.59,2645.53,529303324,14551190986281,2176898820918304.0
2025-02-21,2654.58,1,0.52,0.0002,2653.76,2656.04,2638.44,444704240,11381060470064,2176175331210928.0
2025-02-24,2645.27,2,-9.31,-0.0034999999999999,2636.12,2645.27,2626.88,536354114,10802085081805,2167788263381008.8
2025-02-25,2630.29,2,-14.98,-0.0056999999999999,2617.64,2641.49,2617.12,410284831,10508475591510,2155255658945223.2
2025-02-26,2641.09,1,10.8,0.0040999999999999,2629.86,2648.06,2620.16,386762622,11218719900855,2163540431082131.2
2025-02-27,2621.75,2,-19.34,-0.0073,2637.63,2638.47,2610.47,513909805,10802121046832,2147708334692199.2
2025-02-28,2532.78,2,-88.97,-0.0339,2585.61,2586.78,2531.24,588571521,15637224696362,2074378682303204.8
2025-03-04,2528.92,2,-3.86,-0.0015,2522.2,2548.78,2513.31,484081351,13115384134880,2071277908689396.8
2025-03-05,2558.13,1,29.21,0.0116,2548.45,2561.47,2535.18,569412248,13021641663686,2094580712219600.0
2025-03-06,2576.16,1,18.03,0.0069999999999999,2573.55,2583.65,2565.57,609615704,11319665264837,2105642393608408.8
2025-03-07,2563.48,2,-12.68,-0.0049,2553.44,2575.48,2541.49,567191412,12155164964202,2095892197484635.2
2025-03-10,2570.39,1,6.91,0.0027,2555.4,2579.76,2549.99,435694828,9881353741270,2101439969373815.2
2025-03-11,2537.6,2,-32.79,-0.0128,2516.69,2547.88,2505.91,399016248,10917540670799,2074862207732268.0
2025-03-12,2574.82,1,37.22,0.0147,2552.6,2579.69,2541.66,401644557,12284769101722,2105091420669291.2
2025-03-13,2573.64,2,-1.18,-0.0005,2598.06,2600.07,2561.02,427292042,13112911085717,2103969035866234.0
2025-03-14,2566.36,2,-7.28,-0.0028,2565.18,2576.74,2559.24,362329393,9941799575184,2100287748455670.0
2025-03-17,2610.69,1,44.33,0.0173,2588.32,2610.69,2587.52,396573940,11995073046698,2137307329817924.0
2025-03-18,2612.34,1,1.65,0.0006,2627.27,2638.56,2606.91,555526574,12034578631086,2138918441303968.8
2025-03-19,2628.62,1,16.28,0.0062,2613.48,2642.83,2613.48,653326938,11841495256564,2153080834445234.0
2025-03-20,2637.1,1,8.48,0.0032,2648.16,2650.72,2629.2,455019267,11989258245357,2160968151053248.0
2025-03-21,2643.13,1,6.03,0.0023,2633.9,2645.82,2617.78,497529180,14188127737060,2166240031337451.2
2025-03-24,2632.07,2,-11.06,-0.0042,2636.43,2648.82,2629.38,372431632,6924064394711,2156710253624274.0
2025-03-25,2615.81,2,-16.26,-0.0062,2653.04,2654.63,2612.74,439279423,8305059590006,2143539656810207.2
2025-03-26,2643.94,1,28.13,0.0108,2628.09,2649.15,2618.05,507916080,7655330119639,2166757904270967.2
2025-03-27,2607.15,2,-36.79,-0.0139,2620.28,2633.03,2603.41,403313562,7676249317680,2137689097655124.0
2025-03-28,2557.98,2,-49.17,-0.0189,2592.63,2592.63,2549.26,513561475,7150421589957,2097055968124136.0
2025-03-31,2481.12,2,-76.86,-0.03,2513.44,2514.22,2479.46,391592782,8236353358064,2033508107511968.0
2025-04-01,2521.39,1,40.27,0.0162,2511.24,2530.61,2494.43,453393641,6939450184454,2066091544186739.2
2025-04-02,2505.86,2,-15.53,-0.0062,2525.62,2532.15,2499.83,515599740,7316124788243,2053517297572435.2
2025-04-03,2486.7,2,-19.16,-0.0076,2437.43,2488.92,2437.43,480057159,8267470857840,2037334829405671.2
2025-04-04,2465.42,2,-21.28,-0.0086,2450.49,2506.71,2438.02,695074881,10742833732479,2019896586676231.2
2025-04-07,2328.2,2,-137.22,-0.0557,2359.25,2369.4,2327.01,619500714,10505492820465,1907591512851795.2
2025-04-08,2334.23,1,6.03,0.0026,2381.2,2381.31,2328.94,557018146,9122473931623,1912870141561464.8
2025-04-09,2293.7,2,-40.53,-0.0174,2329.99,2337.58,2284.72,699641582,9560332636518,1880172676575802.0
2025-04-10,2445.06,1,151.36,0.066,2395.13,2445.06,2391.39,670388052,11055426187398,2002786361478506.0
2025-04-11,2432.72,2,-12.34,-0.005,2400.74,2433.18,2394.25,369702818,7687103441531,1991847800076662.0
2025-04-14,2455.89,1,23.17,0.0095,2454.28,2465.56,2449.48,488618364,6687793560550,2011102252591424.0
2025-04-15,2477.41,1,21.52,0.0088,2464.51,2482.56,2461.23,560339502,6510808882534,2027996669924308.8
2025-04-16,2447.43,2,-29.98,-0.0121,2472.78,2475.83,2442.72,613173904,6725688052971,2004854313353399.2
2025-04-17,2470.41,1,22.98,0.0093999999999999,2451.7,2473.24,2447.4,601738661,6606299171146,2023188315630384.8
2025-04-18,2483.42,1,13.01,0.0053,2473.3,2486.37,2466.9,450985117,5649647492055,2033957406882575.2
2025-04-21,2488.42,1,5.0,0.002,2486.38,2498.84,2479.23,428977098,5239732779307,2038270654755274.0
2025-04-22,2486.64,2,-1.78,-0.0007,2481.18,2494.59,2476.14,416680149,6182470913439,2036867826267906.0
2025-04-23,2525.56,1,38.92,0.0157,2520.56,2526.72,2507.1,538116134,7764179609542,2068411537802202.0
2025-04-24,2522.33,2,-3.23,-0.0013,2525.34,2530.61,2507.21,327935351,7272322115520,2066148877318083.2
2025-04-25,2546.3,1,23.97,0.0095,2544.59,2553.33,2534.94,403527737,8760600168638,2085721220951884.8
2025-04-28,2548.86,1,2.56,0.001,2551.23,2558.69,2541.97,454102177,7803354897543,2087208356086974.0
2025-04-29,2565.42,1,16.56,0.0065,2550.25,2571.41,2542.25,547081468,9215174352275,2100881633409068.8
2025-04-30,2556.61,2,-8.81,-0.0034,2561.04,2570.83,2544.46,487488833,8435602446234,2094129065499498.0
2025-05-02,2559.79,1,3.18,0.0012,2556.52,2567.04,2540.57,585492284,8327449263431,2095822345518174.0
2025-05-07,2573.8,1,14.01,0.0055,2577.04,2581.85,2559.17,546755132,8935449197459,2106864657755092.8
2025-05-08,2579.48,1,5.68,0.0022,2581.27,2590.9,2575.78,471635814,10270131237563,2111359746379270.0
2025-05-09,2577.27,2,-2.21,-0.0009,2587.93,2589.58,2571.2,485550305,8034852607528,2110382907460644.0
2025-05-12,2607.33,1,30.06,0.0116999999999999,2593.94,2607.33,2585.6,409749435,8527539580051,2135960504101416.8
2025-05-13,2608.42,1,1.09,0.0004,2601.76,2620.64,2601.58,422459803,8746089121686,2139365845830776.0
2025-05-14,2640.57,1,32.15,0.0123,2625.36,2646.01,2619.15,390503815,8893191507759,2165384001366960.0
2025-05-15,2621.36,2,-19.21,-0.0073,2634.5,2643.83,2618.08,339578793,7254024641690,2150748687253872.8
2025-05-16,2626.87,1,5.51,0.0021,2630.64,2633.98,2619.1,359706542,8025031996677,2154435500387806.0
2025-05-19,2603.42,2,-23.45,-0.0089,2613.7,2619.43,2593.44,313296021,6752438008652,2134853767220355.2
2025-05-20,2601.8,2,-1.62,-0.0006,2622.68,2622.91,2598.1,456989355,7661430134210,2133507447170795.2
2025-05-21,2625.58,1,23.78,0.0091,2615.9,2633.41,2614.73,371527419,7441128800151,2151605513502848.0
2025-05-22,2593.67,2,-31.91,-0.0121999999999999,2614.66,2616.53,2588.09,358064259,8965468020130,2126011918881695.2
2025-05-23,2592.09,2,-1.58,-0.0006,2603.57,2604.14,2589.51,434024136,8659673623776,2124299597613703.2
2025-05-26,2644.4,1,52.31,0.0202,2598.45,2644.4,2595.96,380173138,8342809610327,2166285731881608.0
2025-05-27,2637.22,2,-7.18,-0.0027,2630.29,2642.63,2625.66,318285651,7908808324037,2160239944298804.0
2025-05-28,2670.15,1,32.93,0.0125,2648.86,2692.47,2643.5,405473857,11238813826664,2188074979266972.0
2025-05-29,2720.64,1,50.49,0.0189,2691.06,2720.64,2686.64,448340888,10895570257616,2229208577577636.0
2025-05-30,2697.67,2,-22.97,-0.0084,2713.24,2717.54,2689.87,525661026,14803606217765,2210646190920267.2
2025-06-02,2698.97,1,1.3,0.0005,2692.91,2719.87,2685.14,323603809,8062944006492,2211661469940351.2
2025-06-04,2770.84,1,71.87,0.0266,2737.92,2771.03,2734.02,489937474,12106350015702,2270569997770892.0
2025-06-05,2812.05,1,41.21,0.0149,2790.33,2831.11,2787.76,556013446,13293000248477,2302942060259452.0
2025-06-09,2855.77,1,43.72,0.0155,2841.56,2867.27,2841.39,537617180,14030330524110,2337790728639509.0
2025-06-10,2871.85,1,16.08,0.0056,2872.62,2885.67,2849.67,508184663,14289817957640,2350164580015300.0
2025-06-11,2907.04,1,35.19,0.0123,2887.32,2908.16,2879.92,393929540,12475002592550,2378921384948741.0
2025-06-12,2920.03,1,12.99,0.0045,2909.99,2934.31,2909.99,713705710,17344655814990,2389048717129180.0
2025-06-13,2894.62,2,-25.41,-0.0087,2930.57,2932.38,2877.07,931657602,17462763974297,2369323120142404.0
2025-06-16,2946.66,1,52.04,0.018,2903.5,2947.07,2886.13,726351750,14401114308029,2410638877644740.0
2025-06-17,2950.3,1,3.64,0.0012,2959.93,2998.62,2925.79,939594106,17915934818024,2414138075097102.0
2025-06-18,2972.19,1,21.89,0.0074,2933.63,2979.32,2933.63,576548034,14668323378767,2432540489952913.0
2025-06-19,2977.74,1,5.55,0.0019,2989.56,2996.04,2954.47,433310535,13786565754695,2436368787253298.0
2025-06-20,3021.84,1,44.1,0.0148,2986.52,3022.06,2972.37,484864681,17974844407806,2471814406598870.0
2025-06-23,3014.47,2,-7.37,-0.0024,2992.2,3019.81,2971.36,625650915,17879769854238,2465283335804106.0
2025-06-24,3103.64,1,89.17,0.0296,3061.14,3105.04,3061.14,579200567,19107339943731,2538235150827130.0
2025-06-25,3108.25,1,4.61,0.0015,3127.79,3129.09,3084.86,644761399,19662628183278,2543092930441839.0
2025-06-26,3079.56,2,-28.69,-0.0092,3108.34,3113.03,3036.55,460611798,17030574191361,2519593951599544.0
2025-06-27,3055.94,2,-23.62,-0.0077,3077.87,3093.56,3041.85,381633939,13970283384996,2500663765269373.0
2025-06-30,3071.7,1,15.76,0.0052,3072.75,3086.0,3063.42,464162919,13333814294163,2512091649124343.0
2025-07-01,3089.65,1,17.95,0.0058,3089.64,3133.52,3088.45,576016844,15184804010768,2527488234089640.0
2025-07-02,3075.06,2,-14.59,-0.0046999999999999,3083.82,3090.61,3032.47,696798456,14829869598196,2516192194451781.0
2025-07-03,3116.27,1,41.21,0.0134,3100.33,3116.27,3085.98,539120202,14883213548329,2551106276337041.0
2025-07-04,3054.28,2,-61.99,-0.0199,3122.28,3123.84,3052.91,520763440,13571164280163,2501091815119605.0
2025-07-07,3059.47,1,5.19,0.0017,3044.78,3068.43,3032.99,359404588,10204542570975,2504046206230287.0
2025-07-08,3114.95,1,55.48,0.0181,3071.74,3115.86,3066.03,745793067,13491404979089,2548966093022255.0
2025-07-09,3133.74,1,18.79,0.006,3123.22,3137.17,3111.02,642960883,12654909764711,2563422971103981.0
2025-07-10,3183.23,1,49.49,0.0158,3144.14,3183.23,3133.81,596571574,14124821031009,2603739245288003.0
2025-07-11,3175.77,2,-7.46,-0.0023,3186.35,3216.69,3170.46,465292057,13342066116082,2598982928438423.0
2025-07-14,3202.03,1,26.26,0.0083,3175.59,3202.06,3170.72,444035800,11565586285784,2620057063000663.0
2025-07-15,3215.28,1,13.25,0.0040999999999999,3194.82,3216.01,3183.83,419651712,12238772420133,2631087507465974.0
2025-07-16,3186.38,2,-28.9,-0.009,3207.48,3209.2,3178.42,531498719,11328776416006,2608342484105158.0
2025-07-17,3192.29,1,5.91,0.0019,3201.42,3201.42,3152.42,424787619,15365406027980,2613900035981381.0
2025-07-18,3188.07,2,-4.22,-0.0013,3200.44,3204.75,3169.69,393449261,11939229667870,2610008447251791.0
2025-07-21,3210.81,1,22.74,0.0070999999999999,3191.11,3211.14,3188.87,343910781,10662279408140,2632829588919004.0
2025-07-22,3169.94,2,-40.87,-0.0127,3210.12,3220.27,3155.25,378485911,11604659217066,2599056209995773.0
2025-07-23,3183.77,1,13.83,0.0044,3189.65,3199.86,3141.93,664826146,12201364684336,2610788646131533.0
2025-07-24,3190.45,1,6.68,0.0021,3209.43,3237.97,3183.05,425499879,12993187344837,2615776094044113.0
2025-07-25,3196.05,1,5.6,0.0018,3184.37,3205.82,3184.37,389290718,9822238040874,2621558325609622.0
2025-07-28,3209.52,1,13.47,0.0042,3228.61,3228.61,3180.18,502719579,13872945078805,2634028944917939.0
2025-07-29,3230.57,1,21.05,0.0066,3192.17,3232.31,3169.03,373203172,12769212511711,2651327886580283.0
2025-07-30,3254.47,1,23.9,0.0074,3233.31,3269.4,3227.28,338073688,12968500091756,2671786675912336.0
2025-07-31,3245.44,2,-9.03,-0.0028,3275.78,3288.26,3227.46,540323825,16455571940540,2662743380814128.0
2025-08-01,3119.41,2,-126.03,-0.0388,3210.32,3210.32,3117.92,507776245,15281248640166,2563576815036689.0
2025-08-04,3147.75,1,28.34,0.0091,3114.27,3157.45,3105.63,293453733,9724691307255,2587242951270715.0
2025-08-05,3198.0,1,50.25,0.016,3187.15,3212.31,3174.23,273439606,10950201163619,2627767157184861.0
2025-08-06,3198.14,1,0.14,0.0,3182.06,3200.15,3176.61,327358365,11128301636396,2627785497278353.0
2025-08-07,3227.68,1,29.54,0.0092,3214.81,3227.68,3200.28,327047544,11201368337831,2652059094215135.0
2025-08-08,3210.01,2,-17.67,-0.0055,3220.58,3227.28,3198.31,341443229,11401116948366,2640295716796715.0
2025-08-11,3206.77,2,-3.24,-0.001,3220.72,3223.23,3199.9,304968427,10338941285390,2637340169715307.0
2025-08-12,3189.91,2,-16.86,-0.0053,3209.75,3242.17,3189.58,373217178,10165450116361,2623723769032037.0
2025-08-13,3224.37,1,34.46,0.0108,3225.4,3226.37,3192.17,320069786,10352059537799,2652083637181810.0
2025-08-14,3225.66,1,1.29,0.0004,3226.52,3239.55,3210.83,441467896,10002172706811,2652623803641114.0
2025-08-18,3177.28,2,-48.38,-0.015,3202.63,3206.77,3177.28,326132755,8941932487220,2612867377572908.0
2025-08-19,3151.56,2,-25.72,-0.0081,3185.04,3185.48,3142.48,285290653,8624169781604,2592063275359109.0
2025-08-20,3130.09,2,-21.47,-0.0068,3121.52,3132.83,3079.27,335285191,11773562869622,2574971562273452.0
2025-08-21,3141.74,1,11.65,0.0037,3140.71,3166.54,3134.86,276915481,10893275255572,2584834308775292.0
2025-08-22,3168.73,1,26.99,0.0086,3165.41,3181.95,3159.45,236797098,8337524064582,2606520880531289.0
2025-08-25,3209.86,1,41.13,0.013,3195.14,3209.86,3180.12,220165003,8091673150742,2639930147123357.0
2025-08-26,3179.36,2,-30.5,-0.0095,3199.92,3199.92,3175.31,325353201,12954910480221,2614613563218803.0
2025-08-27,3187.16,1,7.8,0.0025,3185.87,3189.31,3165.77,281721035,8851872014319,2621003592123119.0
2025-08-28,3196.32,1,9.16,0.0029,3175.33,3211.34,3164.08,312188158,9875760133000,2627849618885572.0
2025-08-29,3186.01,2,-10.31,-0.0032,3208.8,3212.69,3184.48,245132452,8969307869056,2619011116578555.0
2025-09-01,3142.93,2,-43.08,-0.0135,3164.58,3177.4,3135.02,260138455,8003230744765,2583440143168908.0
2025-09-02,3172.35,1,29.42,0.0093999999999999,3155.73,3174.16,3151.93,310678131,8676467905841,2608214267274218.0
2025-09-03,3184.42,1,12.07,0.0038,3177.75,3187.48,3167.23,335816449,8811868562778,2618478732744148.0
2025-09-04,3200.83,1,16.41,0.0052,3188.84,3205.61,3185.49,286255881,7977947156742,2631602507638663.0
2025-09-05,3205.12,1,4.29,0.0013,3208.83,3214.64,3196.19,323844686,10942042116464,2636841421046516.0
2025-09-08,3219.59,1,14.47,0.0045,3209.81,3221.14,3206.34,372299882,8217818415298,2648880278485327.0
2025-09-09,3260.05,1,40.46,0.0126,3231.31,3260.05,3221.98,439945501,10628640888119,2682471396020302.0
2025-09-10,3314.53,1,54.48,0.0167,3272.2,3317.77,3272.07,564706848,13703544856383,2726778752216321.0
2025-09-11,3344.2,1,29.67,0.009,3336.6,3344.7,3311.86,435588829,14947009019240,2750487884332290.0
2025-09-12,3395.54,1,51.34,0.0154,3374.65,3395.54,3362.86,448857492,13932277217565,2792432470702270.0
2025-09-15,3407.31,1,11.77,0.0034999999999999,3407.78,3420.23,3391.33,378854245,12792738454649,2802795681701775.0
2025-09-16,3449.62,1,42.31,0.0124,3421.13,3452.5,3418.1,406214278,14058944540679,2838180010916733.0
2025-09-17,3413.4,2,-36.22,-0.0105,3433.83,3433.83,3406.75,326609906,11611597358894,2808274005979516.0
2025-09-18,3461.3,1,47.9,0.0139999999999999,3432.77,3461.3,3422.77,391177053,12409116590064,2848188126349412.0
2025-09-19,3445.24,2,-16.06,-0.0046,3461.23,3467.89,3434.61,348844702,15111282864331,2834490035669669.0
2025-09-22,3468.65,1,23.41,0.0068,3463.84,3482.25,3458.87,287867235,11996187013111,2855488314793656.0
2025-09-23,3486.19,1,17.54,0.0051,3489.46,3494.49,3467.83,358335419,12152383322121,2869842571401625.0
2025-09-24,3472.14,2,-14.05,-0.004,3492.03,3497.95,3442.41,287145415,11806998240931,2858429845707367.0
2025-09-25,3471.11,2,-1.03,-0.0003,3458.98,3479.42,3454.08,293074983,12640781197188,2857634253445223.0
2025-09-26,3386.05,2,-85.06,-0.0245,3440.39,3441.91,3365.73,399149806,12606212195076,2787520691990662.0
2025-09-29,3431.21,1,45.16,0.0133,3414.43,3439.12,3413.33,416480046,10008858561135,2824950733618843.0
2025-09-30,3424.6,2,-6.61,-0.0019,3436.0,3443.38,3421.89,526401520,11157443411281,2817769969229231.0
2025-10-01,3455.83,1,31.23,0.0091,3444.06,3459.74,3440.42,493641155,12344643388616,2845543746980053.0
2025-10-02,3549.21,1,93.38,0.027,3525.48,3565.96,3512.16,402107231,19456116765360,2922226398313787.0
2025-10-10,3610.6,1,61.39,0.0173,3598.11,3617.86,3569.44,407410846,19600845152565,2974646441764439.0
2025-10-13,3584.55,2,-26.05,-0.0072,3550.08,3584.55,3522.54,408033131,14270855613049,2952828804530513.0
2025-10-14,3561.81,2,-22.74,-0.0063,3604.12,3646.77,3535.52,734084905,18926398057017,2933878249069508.0
2025-10-15,3657.28,1,95.47,0.0268,3580.64,3659.91,3577.06,543606716,13879932193738,3011908107364069.0
2025-10-16,3748.37,1,91.09,0.0249,3675.82,3748.37,3675.82,495790790,17664818382797,3086315775634677.0
2025-10-17,3748.89,1,0.52,0.0001,3732.76,3794.87,3722.07,420769792,17268693077595,3086895728948205.0
2025-10-20,3814.69,1,65.8,0.0176,3775.4,3814.69,3728.38,410146751,14190573342156,3141020446206737.0
2025-10-21,3823.84,1,9.15,0.0024,3851.01,3893.06,3816.19,526854280,19373490542844,3150160277294047.0
2025-10-22,3883.68,1,59.84,0.0156,3827.23,3883.68,3794.52,597215988,15451168656133,3197177009086480.0
2025-10-23,3845.56,2,-38.12,-0.0098,3835.79,3902.21,3822.33,423588471,16255705645739,3164799754839550.0
2025-10-24,3941.59,1,96.03,0.025,3893.23,3951.07,3886.64,426896560,17800793870343,3242987677820676.0
2025-10-27,4042.83,1,101.24,0.0256999999999999,3999.79,4042.83,3999.79,516998547,20122806110920,3325893588152838.0
2025-10-28,4010.41,2,-32.42,-0.008,4010.47,4018.22,3972.56,408224732,19719872621077,3298578950794474.0
2025-10-29,4081.15,1,70.74,0.0176,4061.54,4084.09,4014.84,466898421,22033182304082,3357610183598751.0
2025-10-30,4086.89,1,5.74,0.0014,4105.95,4146.72,4070.79,566538268,24198286552685,3364689797640767.0
2025-10-31,4107.5,1,20.61,0.005,4083.25,4122.09,4059.74,408275232,22950424588062,3383447874399935.0
2025-11-03,4221.87,1,114.37,0.0278,4123.36,4221.92,4123.36,472676323,22728714597138,3477046106115597.0
2025-11-04,4121.74,2,-100.13,-0.0237,4219.24,4226.75,4117.91,423542560,20785686586392,3392104995408260.0
2025-11-05,4004.42,2,-117.32,-0.0285,4055.47,4055.47,3867.81,594162840,29186234065822,3294411883299844.0
2025-11-06,4026.45,1,22.03,0.0055,4092.46,4111.96,3985.29,423420832,21483948611420,3311622923440594.0
2025-11-07,3953.76,2,-72.69,-0.0181,3963.72,4037.61,3887.32,377049668,18794295713216,3252007791121429.0
2025-11-10,4073.24,1,119.48,0.0302,3991.87,4092.91,3984.24,339514007,16685675541574,3349850858814010.0
2025-11-11,4106.39,1,33.15,0.0081,4124.3,4187.46,4066.58,377553974,20118818678387,3378037314926242.0
2025-11-12,4150.39,1,44.0,0.0107,4097.44,4154.62,4088.86,334584453,15670659198860,3413518794879764.0
2025-11-13,4170.63,1,20.24,0.0049,4127.57,4188.54,4123.84,424188608,17517048400982,3430213936916230.0
2025-11-14,4011.57,2,-159.06,-0.0381,4061.91,4092.76,4011.4,399992380,17968602377429,3298648291977145.0
2025-11-17,4089.25,1,77.68,0.0194,4078.57,4089.88,4045.4,344096599,14352976610800,3363116830407584.0
2025-11-18,3953.62,2,-135.63,-0.0332,4044.47,4072.41,3953.26,319659628,14077477816697,3251067247971822.0
2025-11-19,3929.51,2,-24.11,-0.0060999999999999,3966.64,3966.64,3854.95,338241537,14586911018135,3230586001015168.0
2025-11-20,4004.85,1,75.34,0.0192,4030.97,4059.37,4001.31,360281733,15143579448126,3293299591248162.0
2025-11-21,3853.26,2,-151.59,-0.0379,3908.7,3911.55,3838.46,319324121,14166906140808,3168593846191949.0
2025-11-24,3846.06,2,-7.2,-0.0019,3915.16,3917.16,3838.2,373120108,21411253137675,3169272356467234.0
2025-11-25,3857.78,1,11.72,0.003,3942.36,3946.61,3833.35,279293988,13275808347538,3180590413000717.0
2025-11-26,3960.87,1,103.09,0.0266999999999999,3891.88,3960.87,3866.66,295326951,15777742925834,3265922270499562.0
2025-11-27,3986.91,1,26.04,0.0066,3989.45,4023.42,3968.43,257854943,13008961064052,3286294870613815.0
2025-11-28,3926.59,2,-60.32,-0.0151,3995.3,3995.3,3921.89,241922807,11927326021478,3235761043400269.0
2025-12-01,3920.37,2,-6.22,-0.0016,3967.92,3977.31,3892.08,296914679,11805572699555,3232050936063668.0
2025-12-02,3994.93,1,74.56,0.019,3939.09,3994.93,3935.14,319034908,12439175118986,3293510638975859.0
2025-12-03,4036.3,1,41.37,0.0104,4010.26,4052.83,3987.76,290896486,13375747628074,3326804886983061.0
2025-12-04,4028.51,2,-7.79,-0.0019,4018.91,4028.53,3982.54,352043273,13716192682125,3321694379554629.0
2025-12-05,4100.05,1,71.54,0.0178,4023.5,4100.05,4003.29,478512573,16308814953657,3380661222188895.0
2025-12-08,4154.85,1,54.8,0.0134,4109.25,4154.85,4081.26,395582936,15207838759256,3424712364436096.0
2025-12-09,4143.55,2,-11.3,-0.0027,4129.77,4152.18,4121.21,400643400,13328759163343,3415203834522782.0
2025-12-10,4135.0,2,-8.55,-0.0021,4159.05,4172.64,4123.6,317901549,12625782614479,3408198244933671.0
2025-12-11,4110.62,2,-24.38,-0.0059,4163.32,4170.77,4103.2,539843372,20308402514420,3389085400995160.0
2025-12-12,4167.16,1,56.54,0.0138,4123.83,4168.17,4120.73,426616335,16545774986825,3435670897662502.0
2025-12-15,4090.59,2,-76.57,-0.0184,4053.74,4123.19,4052.65,346844575,15438300438426,3373508123630625.0
2025-12-16,3999.13,2,-91.46,-0.0224,4093.32,4099.01,3996.23,373989521,16525587865207,3298788270153600.0
2025-12-17,4056.41,1,57.28,0.0143,4019.43,4060.24,3994.65,360955505,12968279650414,3348121946855785.0
2025-12-18,3994.51,2,-61.9,-0.0153,3989.6,4030.65,3975.5,581445413,13077588489472,3297132526737519.0
2025-12-19,4020.55,1,26.04,0.0065,4055.78,4055.78,3997.05,442664473,16470368044849,3318795642740196.0
2025-12-22,4105.93,1,85.38,0.0212,4096.26,4105.93,4083.13,315627058,13013701888375,3389012795126445.0
2025-12-23,4117.32,1,11.39,0.0028,4127.4,4140.84,4110.25,385848331,13460733860454,3398648765464528.0
2025-12-24,4108.62,2,-8.7,-0.0021,4136.24,4137.2,4106.62,363613812,12114977293960,3391545827207752.0
2025-12-26,4129.68,1,21.06,0.0051,4130.37,4143.14,4116.53,510161651,16273592100742,3409552385683355.0
2025-12-29,4220.56,1,90.88,0.022,4146.48,4220.56,4146.48,502393980,14535157883542,3483297659265304.0
2025-12-30,4214.17,2,-6.39,-0.0015,4193.75,4226.36,4186.95,408198125,13213491562311,3477839534742714.0
2026-01-02,4309.63,1,95.46,0.0227,4224.53,4313.55,4216.68,406339246,17521809108064,3558736495078057.0
2026-01-05,4457.52,1,147.89,0.0343,4385.92,4457.52,4381.93,513869696,22783803354664,3683501014645836.0
2026-01-06,4525.48,1,67.96,0.0152,4446.08,4525.48,4395.0,498391270,25518237182834,3738188652369777.5
2026-01-07,4551.06,1,25.58,0.0056999999999999,4566.34,4611.72,4488.2,553653981,29139900200735,3759722548753830.5
2026-01-08,4552.37,1,1.31,0.0003,4531.46,4622.32,4527.5,440086040,27476981855641,3759062721637169.0
2026-01-09,4586.32,1,33.95,0.0075,4530.03,4590.03,4500.48,399219985,23478838394919,3790229810382982.5
2026-01-12,4624.79,1,38.47,0.0084,4639.89,4652.54,4567.55,394752880,23073767861614,3822227585757325.0
2026-01-13,4692.64,1,67.85,0.0147,4662.44,4693.07,4641.58,429151090,25240608214513,3877443681591208.0
2026-01-14,4723.1,1,30.46,0.0065,4685.11,4723.1,4669.32,550416487,24217478031620,3903166781496608.0
2026-01-15,4797.55,1,74.45,0.0158,4710.28,4797.55,4705.44,545175207,23826144317448,3966237189276504.0
2026-01-16,4840.74,1,43.19,0.009,4820.66,4855.61,4797.75,720905827,26948188036284,4004879773934139.0
2026-01-19,4904.66,1,63.92,0.0132,4829.4,4917.37,4827.95,570841030,25214738198401,4056832202296880.0
2026-01-20,4885.75,2,-18.91,-0.0039,4900.28,4935.48,4823.88,667709207,27148846770961,4038612917321369.5
2026-01-21,4909.93,1,24.18,0.0049,4808.94,4910.54,4807.13,600101467,30093031855585,4061917379318616.0
2026-01-22,4952.53,1,42.6,0.0087,4987.06,5019.54,4934.17,568624077,32919611108208,4095874148435200.0
2026-01-23,4990.07,1,37.54,0.0076,4984.08,5021.13,4926.22,612601752,30017138130375,4125555096685080.0
2026-01-26,4949.59,2,-40.48,-0.0081,4997.54,5023.76,4940.78,446903055,22842956876465,4093032390767832.0
2026-01-27,5084.85,1,135.26,0.0273,4932.89,5084.85,4890.72,476155582,28496381114727,4203734778009835.0
2026-01-28,5170.81,1,85.96,0.0169,5145.39,5183.44,5124.8,593108778,30856467311072,4276044578125425.0
2026-01-29,5221.25,1,50.44,0.0098,5243.42,5252.61,5073.12,699659390,35870200939592,4315677778298127.0
2026-01-30,5224.36,1,3.11,0.0006,5210.35,5321.68,5199.78,862540604,35493399111211,4318647135951041.5
2026-02-02,4949.67,2,-274.69,-0.0526,5122.62,5196.71,4933.58,572544402,32090618217805,4091111654386489.0
2026-02-03,5288.08,1,338.41,0.0684,5114.81,5288.08,5101.31,672610151,30015961619294,4372100336340857.5
2026-02-04,5371.1,1,83.02,0.0157,5260.71,5376.92,5243.11,789920328,30433498214654,4438841137256351.0
2026-02-05,5163.57,2,-207.53,-0.0385999999999999,5251.03,5304.4,5142.2,911910087,32385641184187,4264766371309451.0
2026-02-06,5089.14,2,-74.43,-0.0144,5013.15,5120.77,4899.3,745763942,29912342148788,4203477721125180.0
2026-02-09,5298.04,1,208.9,0.0409999999999999,5299.1,5322.35,5265.08,617657784,26454138847440,4374057800206435.0
2026-02-10,5301.69,1,3.65,0.0007,5350.21,5363.62,5286.67,712267871,23275929869547,4376615585478883.0
2026-02-11,5354.49,1,52.8,0.01,5293.75,5374.23,5257.53,753767377,25625896916781,4421255293234541.0
2026-02-12,5522.27,1,167.78,0.0313,5425.39,5522.27,5399.52,750614562,32322625268341,4560825989035452.0
2026-02-13,5507.01,2,-15.26,-0.0028,5513.71,5583.74,5480.92,1290658558,30820998931626,4553532159039352.0
2026-02-19,5677.25,1,170.24,0.0308999999999999,5642.09,5681.65,5614.97,1185838197,28945961371804,4696588119553641.0
2026-02-20,5808.53,1,131.28,0.0231,5696.89,5809.91,5684.58,1749302679,33119679281825,4803601345750885.0
2026-02-23,5846.09,1,37.56,0.0065,5903.11,5931.86,5792.57,1477788942,32044129428372,4820058734017212.0
2026-02-24,5969.64,1,123.55,0.0210999999999999,5853.48,5969.64,5775.61,1602004836,31372730942186,4922736641351075.0
2026-02-25,6083.86,1,114.22,0.0191,6022.7,6144.71,5984.28,1415254864,35284562768622,5016888866747315.0
2026-02-26,6307.27,1,223.41,0.0366999999999999,6121.03,6313.27,6107.41,1409623229,38930015318333,5199961588788373.0
2026-02-27,6244.13,2,-63.14,-0.01,6197.49,6347.41,6153.87,1166057975,54939339254580,5146373107791624.0
2026-03-03,5791.91,2,-452.22,-0.0724,6165.15,6180.45,5791.65,1227193147,52800572976931,4769433446422237.0
2026-03-04,5093.54,2,-698.37,-0.1206,5592.59,5672.12,5059.45,1637605952,62882735183204,4194946818672921.0
2026-03-05,5583.9,1,490.36,0.0963,5250.92,5715.3,5248.13,1660710447,45308989750851,4604357689057424.0
2026-03-06,5584.87,1,0.97,0.0002,5491.02,5609.98,5381.27,1223019737,31402462335366,4605057307856441.0
2026-03-09,5251.87,2,-333.0,-0.0596,5265.37,5327.42,5096.16,1026237730,33163873061508,4331264221607092.0
2026-03-10,5532.59,1,280.72,0.0535,5523.21,5595.88,5427.88,923209866,28713302920559,4567316826262150.0
2026-03-11,5609.95,1,77.36,0.0139999999999999,5658.72,5746.36,5559.69,1050946314,26619233612152,4633384475718061.0
2026-03-12,5583.25,2,-26.7,-0.0048,5567.65,5629.07,5527.47,801306208,23698184161863,4608099993232712.0
2026-03-13,5487.24,2,-96.01,-0.0172,5412.39,5537.59,5392.52,907655536,23719675922031,4530330570592410.0
2026-03-16,5549.85,1,62.61,0.0113999999999999,5510.82,5561.42,5448.75,1073859802,21760269884108,4583556928432968.0
2026-03-17,5640.48,1,90.63,0.0163,5711.8,5717.13,5632.86,1135071024,22303803944214,4657727421660004.0
2026-03-18,5925.03,1,284.55,0.0504,5767.1,5934.35,5766.14,1143771673,26851759232736,4892835711927923.0
2026-03-19,5763.22,2,-161.81,-0.0273,5761.4,5863.39,5738.95,1184170077,22994678385098,4757685123364079.0
2026-03-20,5781.2,1,17.98,0.0031,5813.35,5833.68,5764.64,1490805229,34025853798776,4768189155100582.0
2026-03-23,5405.75,2,-375.45,-0.0649,5580.15,5580.15,5397.94,1125619649,27243225200168,4459320431723521.0
2026-03-24,5553.92,1,148.17,0.0274,5638.2,5643.0,5395.17,1170517963,24932387802374,4580524886581023.0
2026-03-25,5642.21,1,88.29,0.0159,5680.33,5740.97,5630.07,763223598,24642071803976,4651600138064310.0
2026-03-26,5460.46,2,-181.75,-0.0322,5594.06,5598.37,5448.12,925092573,25615327461870,4499612828479672.0
2026-03-27,5438.87,2,-21.59,-0.004,5300.61,5462.51,5220.1,900080937,23659342023182,4482729458029577.5
2026-03-30,5277.3,2,-161.57,-0.0297,5181.8,5297.35,5151.22,727391077,20827490324014,4347926048851371.0
2026-03-31,5052.46,2,-224.84,-0.0426,5143.75,5233.99,5042.99,1163312408,29837663141391,4159085895028021.0
2026-04-01,5478.7,1,426.24,0.0843999999999999,5330.04,5512.33,5272.45,958953275,28902428321499,4512166156057644.0
2026-04-02,5234.05,2,-244.65,-0.0447,5551.69,5574.62,5170.27,1428159621,33290077738020,4308380470893253.0
2026-04-03,5377.3,1,143.25,0.0274,5375.5,5419.45,5316.42,1185178392,22234606978211,4427756587456585.0
2026-04-06,5450.33,1,73.03,0.0136,5423.35,5505.61,5404.91,1110507448,21761181854619,4489659930916441.0
2026-04-07,5494.78,1,44.45,0.0081999999999999,5552.19,5594.9,5424.46,990449091,23719394259706,4526464918181477.0
2026-04-08,5872.34,1,377.56,0.0687,5804.7,5919.6,5774.0,932610471,36306960525424,4836941534208473.0
2026-04-09,5778.01,2,-94.33,-0.0161,5826.45,5862.41,5757.49,1026732958,33473404312827,4759726731566801.0
2026-04-10,5858.87,1,80.86,0.0139999999999999,5876.12,5918.59,5850.83,1002353584,23746054636099,4825746498368875.0
2026-04-13,5808.62,2,-50.25,-0.0086,5737.28,5827.73,5730.23,1083211365,21456576328531,4781539435053419.0
2026-04-14,5967.75,1,159.13,0.0274,5960.0,6026.52,5938.33,889490621,27128583999285,4894528506626196.0
2026-04-15,6091.39,1,123.64,0.0207,6141.6,6183.21,6064.23,923846153,31615609364413,4995512345144474.0
2026-04-16,6226.05,1,134.66,0.0220999999999999,6149.49,6231.03,6126.06,925694636,27046822836317,5106020840373396.0
2026-04-17,6191.92,2,-34.13,-0.0055,6227.33,6230.32,6159.88,689739734,24619562398516,5076379137907436.0
2026-04-20,6219.09,1,27.17,0.0044,6213.92,6278.36,6176.75,692878455,23576476166973,5097490312334976.0
2026-04-21,6388.47,1,169.38,0.0272,6302.54,6388.47,6302.54,792021737,31105972365121,5236207009794765.0
2026-04-22,6417.93,1,29.46,0.0046,6387.57,6423.29,6318.51,900140335,31029074886506,5260014101328972.0
2026-04-23,6475.81,1,57.88,0.009,6488.83,6557.76,6309.1,1042392099,40604234649000,5308398010558094.0
2026-04-24,6475.63,2,-0.18,0.0,6496.1,6516.54,6403.74,878200671,30202932730976,5305337787341562.0
2026-04-27,6615.03,1,139.4,0.0215,6533.6,6657.22,6529.19,842664190,33410304671355,5421554158979603.0
2026-04-28,6641.02,1,25.99,0.0039,6646.8,6712.73,6621.73,1139472198,37622678897537,5443059491427780.0
2026-04-29,6690.9,1,49.88,0.0075,6619.0,6702.38,6596.03,717859460,31453311079064,5485580895085869.0
2026-04-30,6598.87,2,-92.03,-0.0138,6739.39,6750.27,6597.83,685459295,35808593571542,5407467825453161.0
2026-05-04,6936.99,1,338.12,0.0512,6782.93,6937.0,6741.63,873008689,42696032755097,5685804113404671.0
2026-05-06,7384.56,1,447.57,0.0645,7093.01,7426.6,7093.01,995691665,60000374667381,6057599952293655.0
2026-05-07,7490.05,1,105.49,0.0143,7499.07,7531.88,7257.89,767462258,51112463416097,6138256450573765.0
2026-05-08,7498.0,1,7.95,0.0011,7353.94,7511.01,7318.96,523090848,40792656487092,6143249543274176.0
2026-05-11,7822.24,1,324.24,0.0432,7775.31,7899.32,7713.49,731278789,51843448673413,6410880164759142.0
2026-05-12,7643.15,2,-179.09,-0.0229,7953.41,7999.67,7421.71,1021136121,67114559549714,6261455440849913.0
2026-05-13,7844.01,1,200.86,0.0263,7513.65,7855.47,7402.36,738739332,50464007486110,6423360481437913.0
2026-05-14,7981.41,1,137.4,0.0175,7873.91,7991.04,7842.72,849941546,51696927269084,6536711923065213.0
2026-05-15,7493.18,2,-488.23,-0.0612,7951.75,8046.78,7371.68,885626697,59548489335349,6134715796296273.0
2026-05-18,7516.04,1,22.86,0.0031,7443.29,7636.2,7142.71,566617521,44609163510898,6156484427584551.0
2026-05-19,7271.66,2,-244.38,-0.0325,7425.66,7446.57,7141.91,533508766,37960990143405,5956875323127522.0
2026-05-20,7208.95,2,-62.71,-0.0086,7324.52,7324.52,7053.84,492494076,40401033258793,5903882554220457.0
2026-05-21,7815.59,1,606.64,0.0842,7486.37,7819.23,7486.37,621081744,43187054105193,6396239933828635.0
2026-05-22,7847.71,1,32.12,0.0040999999999999,7873.12,7886.64,7780.13,435533126,31229425311844,6421467815781786.0
2026-05-26,8047.51,1,199.8,0.0255,8070.91,8131.15,8008.19,519551123,40802698581164,6580529390679650.0
2026-05-27,8228.7,1,181.19,0.0225,8242.12,8457.09,8220.04,619450559,56832099312943,6727882016628621.0
2026-05-28,8185.29,2,-43.41,-0.0053,8165.73,8253.6,7841.01,668950905,53241794149045,6691609257206768.0
2026-05-29,8476.15,1,290.86,0.0355,8384.31,8476.15,8273.74,735126775,80332510678397,6933143272189571.0
2026-06-01,8788.38,1,312.23,0.0368,8485.67,8874.16,8485.67,636175294,74330045284623,7204509360750407.0
2026-06-02,8801.49,1,13.11,0.0015,8883.19,8933.62,8503.12,632553467,69109665829933,7215300729898488.0
2026-06-04,8639.41,2,-162.08,-0.0184,8623.82,8759.05,8577.3,437895857,47638553400603,7073751550116092.0
2026-06-05,8160.59,2,-478.82,-0.0554,8323.2,8382.16,8038.1,463197407,48519527990129,6685559129584654.0
2026-06-08,7484.41,2,-676.18,-0.0828999999999999,8048.09,8048.09,7442.73,452204169,48338891047499,6132411531476562.0
2026-06-09,8096.93,1,612.52,0.0818,7697.76,8119.09,7598.87,448536749,46715418694544,6625921096905701.0
2026-06-10,7730.82,2,-366.11,-0.0452,7899.77,7996.68,7541.11,460876834,39944843351120,6324686062638699.0
2026-06-11,7763.95,1,33.13,0.0043,7509.62,7800.62,7394.46,478729575,46400773002266,6352556164234073.0
2026-06-12,8123.62,1,359.67,0.0463,8263.85,8434.4,8079.77,493405620,52257643902434,6649271029629422.0
2026-06-15,8545.98,1,422.36,0.052,8526.12,8603.48,8450.24,516647764,39992231627150,6992867781984873.0
2026-06-16,8726.6,1,180.62,0.0210999999999999,8696.55,8753.82,8540.41,586336867,40568508171095,7142513389095564.0
2026-06-17,8864.24,1,137.64,0.0158,8622.13,8872.18,8605.66,571194217,35846047966163,7253100053919731.0
2026-06-18,9063.84,1,199.6,0.0225,8884.92,9106.07,8867.34,510940125,50780256517664,7413247265338499.0
2026-06-19,9052.42,2,-11.42,-0.0013,9288.89,9385.59,8831.72,517247568,67255170224387,7398874682927318.0
2026-06-22,9114.55,1,62.13,0.0069,8954.43,9253.0,8900.68,381081263,41909520476921,7449592792676141.0
2026-06-23,8203.84,2,-910.71,-0.0999,9083.54,9175.45,8203.84,488741799,61428586207090,6706835470356674.0
2026-06-24,8471.02,1,267.18,0.0326,8356.79,8577.52,8080.99,418169043,55499070682968,6927816045835479.0
2026-06-25,8930.3,1,459.28,0.0542,8703.42,9044.04,8693.62,456880223,51973679583033,7310414588574390.0
2026-06-26,8411.21,2,-519.09,-0.0581,8813.18,8861.7,8126.84,518472966,53997505790204,6885382217962999.0
2026-06-29,8394.65,2,-16.56,-0.002,8334.28,8525.53,8127.99,371222766,42684473923383,6864567783312275.0
2026-06-30,8476.48,1,81.83,0.0097,8416.7,8667.73,8220.8,449823583,42099365540343,6929540848101061.0
2026-07-01,8303.41,2,-173.07,-0.0204,8591.5,8620.15,8143.33,468193407,39998686042470,6785431956394503.0
2026-07-02,7648.09,2,-655.32,-0.0789,7933.1,8136.28,7616.33,505157279,49900911277946,6251410554182236.0
2026-07-03,8088.34,1,440.25,0.0576,7739.75,8136.28,7378.1,465820788,45492055078817,6617011062826598.0
2026-07-06,8051.33,2,-37.01,-0.0046,8186.82,8327.26,7815.53,448691380,32002817887277,6591595226499214.0
2026-07-07,7656.31,2,-395.02,-0.0491,7919.2,7954.55,7389.22,516365835,40717402628437,6266412200628105.0
2026-07-08,7246.79,2,-409.52,-0.0535,7452.48,7791.66,7186.21,501070972,42465430925697,5931056230750011.0
2026-07-09,7291.91,1,45.12,0.0062,7486.64,7543.86,7063.76,582790735,39556657965016,5964859973661527.0
2026-07-10,7475.94,1,184.03,0.0252,7552.49,7704.93,7429.51,453242080,31576970770029,6118604296140554.0
2026-07-13,6806.93,2,-669.01,-0.0895,7412.03,7529.07,6783.43,474084812,40143819575662,5572485079774514.0
2026-07-14,6856.83,1,49.9,0.0073,6769.06,6979.92,6448.86,491599254,46697966573491,5616749703745019.0
2026-07-15,7284.41,1,427.58,0.0624,7082.91,7424.18,7082.91,397853705,34488295746773,5961100249061447.0
2026-07-16,6820.6,2,-463.81,-0.0637,6960.5,6995.93,6730.87,424279830,29820663017312,5576917784678867.0
2026-07-20,6516.27,2,-304.33,-0.0446,6643.58,6814.86,6472.8,345824614,29690576165881,5331388995510400.0
2026-07-21,6747.95,1,231.68,0.0356,6553.88,6836.86,6429.03,391091597,24810734536825,5525145833613097.0
2026-07-22,6797.7,1,49.75,0.0074,7052.09,7166.0,6791.06,373810110,28574069397052,5568155813322949.0
2026-07-23,7096.89,1,299.19,0.044,6963.35,7108.44,6892.64,397345768,26856060831382,5814274124976124.0
2026-07-24,6690.62,2,-406.27,-0.0572,7000.78,7000.78,6650.41,397654875,30991958531519,5479519588763190.0
2026-07-27,6755.75,1,65.13,0.0097,6806.27,6806.27,6557.39,275717624,24294695707750,5533628393014013.0
2026-07-28,6023.66,2,-732.09,-0.1084,6400.27,6413.57,5992.91,331260982,36073927405132,4933296613154775.0
2026-07-29,5663.24,2,-360.42,-0.0598,6089.11,6228.52,5262.77,457384769,49217357151746,4669101404020380.0
2026-07-30,5593.56,2,-69.68,-0.0123,5681.77,5976.82,5547.41,378859389,38320902018593,4611484788421978.0
2026-07-31,6595.45,1,1001.89,0.1791,5657.79,6630.77,5629.76,434445151,49567650533548,5445193657915115.0
2026-08-03,6257.45,2,-338.0,-0.0512,6358.27,6393.0,6223.29,272959301,26334639979834,5164875740754784.0
2026-08-04,6358.95,1,101.5,0.0162,6351.38,6389.4,6080.25,312996910,28210782276065,5244933979108344.0
2026-08-05,6598.26,1,239.31,0.0375999999999999,6603.48,6674.66,6540.27,338499583,25657753879758,5442571759274486.0
2026-08-06,6296.38,2,-301.88,-0.0458,6478.75,6550.94,6238.32,284501018,26452136843346,5191831798615970.0
2026-08-07,6258.77,2,-37.61,-0.006,6365.07,6415.6,6158.73,299376519,24730513259160,5159998610306228.0
2026-08-10,6299.66,1,40.89,0.0065,6306.33,6394.06,6232.45,293734195,19012122938798,5194281618116304.0
2026-08-11,6345.53,1,45.87,0.0073,6240.06,6405.81,6213.78,333481429,21960667958787,5239010331577362.0
2026-08-12,6579.04,1,233.51,0.0368,6438.5,6668.43,6413.5,360651215,27099498673748,5430469997860474.0
2026-08-13,6813.34,1,234.3,0.0356,6773.92,6895.63,6748.13,418947285,34833076088710,5619052225943176.0
2026-08-14,6977.94,1,164.6,0.0242,6995.67,7010.86,6848.43,332941644,27196789669229,5757722808159455.0
2026-08-18,6869.83,2,-108.11,-0.0155,7127.77,7216.62,6788.78,402682358,29905562333708,5664789726421269.0
2026-08-19,6471.17,2,-398.66,-0.0579999999999999,6528.77,6614.39,6400.81,305840333,23117060665788,5333959216446417.0
2026-08-20,6852.58,1,381.41,0.0588999999999999,6680.34,6904.55,6600.09,304467764,28214478037670,5652605255481324.0
2026-08-21,6912.95,1,60.37,0.0088,6759.95,6954.12,6742.44,408037433,28897809870542,5712979436874263.0
2026-08-24,6696.96,2,-215.99,-0.0312,6881.07,6884.57,6656.07,267732618,26164058168184,5525391580810433.0
2026-08-25,6742.74,1,45.78,0.0068,6535.93,6747.16,6408.82,286782286,24091207612468,5567394845851447.0
2026-08-26,6808.21,1,65.47,0.0097,6727.25,6887.18,6704.1,323288097,22375984292012,5621162409529720.0
