Ticker,Name,Sector,Industry,Date,Close,MA20,MA60,MA120,Momentum6_1M,RelativeMomentum,Return20,MA20Dist,MaxDayGain5,AvgDollar20,Volatility20,Trend,AbsMomentumOK,RelativeMomentumOK,LiquidityOK,OverheatOK,ScreenOK,MomentumPct,LiquidityPct,VolatilityPct,MomentumScore,DistanceScore,StabilityScore,LiquidityScore,BuyScore,Type,Risk,Explain,EntryPrice,StopPrice,R,Target1R,Target2R,CurrentStage,SellSignal,BuyAllowed,Rank,Momentum6_1M_%,RelativeMomentum_%,Return20_%,MA20Dist_%,Volatility20_%,AvgDollar20_M
HUM,Humana,Health Care,Managed Health Care,2026-09-09,400.0199890136719,390.12949829101564,385.7247304280599,318.26379890441893,1.2340068165852651,1.0860559741491407,0.07295740881684765,0.02535181463073699,0.015422397342448324,376643695.9512329,0.01556844019479357,True,True,True,True,True,True,0.9523809523809523,0.5238095238095238,0.47619047619047616,42.857142857142854,19.43649198460157,10.476190476190476,2.619047619047619,75.38887293698252,균형형,낮음,추세·모멘텀·과열도의 균형이 좋은 종목,400.0199890136719,385.7247304280599,14.295258585611975,414.31524759928385,428.6105061848958,1R 전,보유,허용,1,123.40068165852651,108.60559741491407,7.295740881684765,2.535181463073699,1.556844019479357,376.6436959512329
MPC,Marathon Petroleum,Energy,Oil & Gas Refining & Marketing,2026-09-09,399.44000244140625,369.42186584472654,314.0761459350586,278.40538024902344,0.39078250869137743,0.242831666255253,0.19057635598686495,0.08125706508476349,0.02280790757623019,877177439.8326111,0.013835158500008028,True,True,True,True,True,True,0.7619047619047619,0.8571428571428571,0.23809523809523808,34.285714285714285,16.604114963672792,15.238095238095237,4.285714285714286,70.41363877319661,일반,보통,무난한 상승추세 종목,399.44000244140625,367.48480224609375,31.9552001953125,431.39520263671875,463.35040283203125,1R 전,보유,허용,2,39.07825086913774,24.283166625525297,19.057635598686495,8.125706508476348,1.383515850000803,877.1774398326111
HPQ,HP Inc.,Information Technology,"Technology Hardware, Storage & Peripherals",2026-09-09,32.38999938964844,30.45499982833862,26.877499961853026,24.032174921035768,0.6449900114612648,0.49703916902514034,0.11420707704428801,0.06353635108246758,0.04923875964873137,468432021.1120033,0.032988990897914926,True,True,True,True,True,True,0.9047619047619048,0.6666666666666666,0.9047619047619048,40.714285714285715,24.19870667894247,1.9047619047619047,3.333333333333333,70.15108763132342,강한추세,높음,추세는 매우 강하지만 이미 많이 오른 종목,32.38999938964844,29.798799438476564,2.5911999511718733,34.98119934082031,37.572399291992184,1R 전,보유,허용,3,64.49900114612647,49.70391690251403,11.4207077044288,6.353635108246758,3.2988990897914925,468.4320211120033
HPE,Hewlett Packard Enterprise,Information Technology,"Technology Hardware, Storage & Peripherals",2026-09-09,58.900001525878906,54.71100006103516,50.01545022328695,41.050341844558716,1.5459657149781312,1.3980148725420067,0.08311880045941922,0.0765659823467042,0.07749997652494,1251194477.7537346,0.03858141720781744,True,True,True,True,True,True,1.0,0.9047619047619048,0.9523809523809523,45.0,18.614578994269632,0.9523809523809534,4.523809523809524,69.0907694704601,강한추세,높음,추세는 매우 강하지만 이미 많이 오른 종목,58.900001525878906,54.1880014038086,4.712000122070307,63.612001647949214,68.32400177001952,1R 전,보유,허용,4,154.59657149781313,139.80148725420068,8.311880045941923,7.65659823467042,3.8581417207817434,1251.1944777537346
STT,State Street Corporation,Financials,Asset Management & Custody Banks,2026-09-09,191.88999938964844,190.89949951171874,182.69265569051106,164.30511703491212,0.5245966346906918,0.3766457922545674,0.02494390630539578,0.005188593372236205,0.020522044269920547,247465939.08439636,0.014145269980343291,True,True,True,True,True,True,0.8571428571428571,0.38095238095238093,0.38095238095238093,38.57142857142857,10.795111445244089,12.380952380952381,1.9047619047619047,63.65225430238694,강한추세,높음,추세는 매우 강하지만 이미 많이 오른 종목,191.88999938964844,182.69265569051106,9.197343699137377,201.08734308878581,210.2846867879232,1R 전,보유,허용,5,52.459663469069184,37.66457922545674,2.494390630539578,0.5188593372236205,1.4145269980343291,247.46593908439635
BNY,BNY Mellon,Financials,Asset Management & Custody Banks,2026-09-09,162.50999450683594,162.2039993286133,155.61599985758463,143.5465897878011,0.3764118155663183,0.22846097313019387,0.01366009906791188,0.0018864835607581565,0.014132366328096113,410545044.88594055,0.011470048772929658,True,True,True,True,True,True,0.6666666666666666,0.6190476190476191,0.09523809523809523,30.0,9.37992152603921,18.095238095238095,3.0952380952380953,60.5703977165154,저과열,낮음,과열은 적지만 추가 상승 힘을 확인할 종목,162.50999450683594,155.61599985758463,6.893994649251312,169.40398915608725,176.29798380533856,1R 전,보유,허용,6,37.64118155663183,22.846097313019385,1.366009906791188,0.18864835607581565,1.1470048772929657,410.54504488594057
IQV,IQVIA,Health Care,Life Sciences Tools & Services,2026-09-09,256.9800109863281,255.52850112915038,223.83083318074543,197.98066647847494,0.39647813243054775,0.2485272899944233,0.05388785615887759,0.005680422539026786,0.02948756400577457,322842505.2518463,0.0177730773126825,True,True,True,True,True,True,0.8095238095238095,0.42857142857142855,0.5714285714285714,36.42857142857143,11.005895373868622,8.571428571428573,2.142857142857143,58.14875251672577,저과열,낮음,과열은 적지만 추가 상승 힘을 확인할 종목,256.9800109863281,236.42161010742188,20.55840087890624,277.53841186523437,298.0968127441406,1R 전,보유,허용,7,39.64781324305478,24.85272899944233,5.388785615887759,0.5680422539026786,1.77730773126825,322.8425052518463
VLO,Valero Energy,Energy,Oil & Gas Refining & Marketing,2026-09-09,388.9500122070313,354.1135009765625,307.334646097819,275.4621575673421,0.3864419052009185,0.23849106276479404,0.20075943468619584,0.09837668186724846,0.032720125277489576,843261869.886322,0.015207486083915303,True,True,True,True,True,True,0.7142857142857143,0.8095238095238095,0.42857142857142855,32.142857142857146,9.267136342607806,11.428571428571427,4.0476190476190474,56.88618396165543,급등주의,높음,최근 급등하여 추격매수에 주의할 종목,388.9500122070313,357.83401123046883,31.116000976562475,420.0660131835938,451.18201416015626,1R 전,보유,허용,8,38.64419052009185,23.849106276479404,20.075943468619585,9.837668186724846,1.5207486083915303,843.2618698863221
PSX,Phillips 66,Energy,Oil & Gas Refining & Marketing,2026-09-09,260.7799987792969,244.2673812866211,209.12069447835287,190.6429478963216,0.263940901135407,0.11599005869928258,0.16849755791524523,0.06760058344957676,0.01614948018582507,663049533.5753632,0.014077590126999988,True,True,True,True,True,True,0.38095238095238093,0.7619047619047619,0.3333333333333333,17.142857142857142,22.456892807324248,13.333333333333336,3.8095238095238093,56.74260709303854,일반,보통,무난한 상승추세 종목,260.7799987792969,239.91759887695312,20.862399902343753,281.64239868164066,302.5047985839844,1R 전,보유,허용,9,26.394090113540702,11.59900586992826,16.849755791524522,6.760058344957676,1.4077590126999988,663.0495335753632
BBY,Best Buy,Consumer Discretionary,Computer & Electronics Retail,2026-09-09,88.02999877929688,85.97099990844727,83.03334732055664,73.13849646250407,0.3017956352757065,0.15384479283958208,0.0570365041981824,0.02394992349795033,0.052886395883321446,353732801.8966675,0.026182916529324193,True,True,True,True,True,True,0.5714285714285714,0.47619047619047616,0.7619047619047619,25.71428571428571,18.835681499121574,4.761904761904763,2.380952380952381,51.692824356264424,저과열,낮음,과열은 적지만 추가 상승 힘을 확인할 종목,88.02999877929688,83.03334732055664,4.9966514587402315,93.0266502380371,98.02330169677734,1R 전,보유,허용,10,30.17956352757065,15.384479283958207,5.70365041981824,2.394992349795033,2.6182916529324194,353.73280189666747
GEN,Gen Digital,Information Technology,Systems Software,2026-09-09,29.760000228881836,29.44047565460205,27.192544905344644,24.318122879664102,0.346479431474638,0.19852858903851356,0.03037554582730495,0.010853240892860327,0.022185980869137367,159130987.72615433,0.022314653833797146,True,True,True,True,True,True,0.6190476190476191,0.2857142857142857,0.7142857142857143,27.857142857142858,13.22281752551157,5.7142857142857135,1.4285714285714284,48.22281752551157,저과열,낮음,과열은 적지만 추가 상승 힘을 확인할 종목,29.760000228881836,27.37920021057129,2.380800018310545,32.14080024719238,34.521600265502926,1R 전,보유,허용,11,34.6479431474638,19.852858903851356,3.037554582730495,1.0853240892860327,2.2314653833797147,159.13098772615433
EXPD,Expeditors International,Industrials,Air Freight & Logistics,2026-09-09,188.30999755859375,187.74850006103514,176.41299997965496,163.6773473103841,0.27064416960931403,0.12269332717318959,0.06263749463453938,0.002990689658644685,0.012637076574977923,140221001.06803894,0.012259741054662822,True,True,True,True,True,True,0.42857142857142855,0.19047619047619047,0.14285714285714285,19.285714285714285,9.853152710847725,17.142857142857146,0.9523809523809523,47.2341050918001,저과열,낮음,과열은 적지만 추가 상승 힘을 확인할 종목,188.30999755859375,176.41299997965496,11.896997578938795,200.20699513753254,212.10399271647134,1R 전,보유,허용,12,27.064416960931403,12.26933271731896,6.263749463453938,0.2990689658644685,1.2259741054662823,140.22100106803893
PFG,Principal Financial Group,Financials,Life & Health Insurance,2026-09-09,114.0199966430664,112.12740325927734,111.17199783325195,103.91620807647705,0.28533168524397734,0.1373808428078529,0.016429206953067377,0.01687895491000302,0.07277994773861374,128238354.84146118,0.019264269778146652,True,True,True,True,True,True,0.47619047619047616,0.09523809523809523,0.6190476190476191,21.428571428571427,15.805266390001297,7.619047619047619,0.47619047619047616,45.32907591381082,저과열,낮음,과열은 적지만 추가 상승 힘을 확인할 종목,114.0199966430664,111.17199783325195,2.847998809814456,116.86799545288086,119.71599426269532,1R 전,보유,허용,13,28.533168524397734,13.73808428078529,1.6429206953067377,1.687895491000302,1.9264269778146652,128.2383548414612
GPC,Genuine Parts Company,Consumer Discretionary,Distributors,2026-09-09,135.24000549316406,134.62162246704102,125.66943868001302,113.46466395060222,0.2583306172909783,0.11037977485485384,0.008903371863956178,0.004593489625148717,0.01713132184927213,140149022.28408813,0.013986681701553401,True,True,True,True,True,True,0.3333333333333333,0.14285714285714285,0.2857142857142857,15.0,10.540066982206593,14.285714285714286,0.7142857142857142,40.540066982206596,저과열,낮음,과열은 적지만 추가 상승 힘을 확인할 종목,135.24000549316406,125.66943868001302,9.570566813151046,144.81057230631512,154.38113911946616,1R 전,보유,허용,14,25.833061729097828,11.037977485485385,0.8903371863956178,0.4593489625148717,1.39866817015534,140.14902228408815
SOLV,Solventum,Health Care,Health Care Technology,2026-09-09,90.02999877929688,89.76099967956543,83.08883285522461,77.0892497698466,0.22751487026586759,0.07956402782974314,0.07051130098415559,0.0029968371641551084,0.010445350297013656,87581218.2183075,0.011116675743942874,True,True,True,True,True,True,0.23809523809523808,0.047619047619047616,0.047619047619047616,10.714285714285714,9.855787356066475,19.047619047619047,0.23809523809523808,39.85578735606647,저과열,낮음,과열은 적지만 추가 상승 힘을 확인할 종목,90.02999877929688,83.08883285522461,6.941165924072266,96.97116470336914,103.9123306274414,1R 전,보유,허용,15,22.75148702658676,7.9564027829743145,7.051130098415559,0.29968371641551084,1.1116675743942874,87.5812182183075
SWKS,Skyworks Solutions,Information Technology,Semiconductors,2026-09-09,76.54000091552734,69.18200073242187,66.27033367156983,65.65046660105388,0.2968075572136537,0.14885671477752926,0.12015218592810517,0.10635714644282013,0.06319528668458507,387279577.46162415,0.02087247460388486,True,True,True,True,True,True,0.5238095238095238,0.5714285714285714,0.6666666666666666,23.571428571428573,5.846937238791378,6.666666666666668,2.8571428571428568,38.94217533402948,과열주의,높음,상승추세지만 MA20에서 다소 멀어진 종목,76.54000091552734,70.41680084228516,6.123200073242188,82.66320098876953,88.78640106201172,1R 전,보유,허용,16,29.680755721365372,14.885671477752926,12.015218592810516,10.635714644282013,2.087247460388486,387.27957746162417
AAPL,Apple Inc.,Information Technology,"Technology Hardware, Storage & Peripherals",2026-09-09,315.3399963378906,314.0594985961914,312.1347351074219,295.7488552093506,0.2023872984974071,0.05443645606128267,0.03420679069401533,0.004077245704787957,0.010001231183714099,12753818576.85257,0.013007354619289462,True,True,True,True,True,True,0.09523809523809523,0.9523809523809523,0.19047619047619047,4.285714285714286,10.318819587766267,16.19047619047619,4.761904761904762,35.556914825861504,저과열,낮음,과열은 적지만 추가 상승 힘을 확인할 종목,315.3399963378906,312.1347351074219,3.20526123046875,318.5452575683594,321.7505187988281,1R 전,보유,허용,17,20.23872984974071,5.443645606128267,3.420679069401533,0.40772457047879573,1.3007354619289462,12753.81857685257
INCY,Incyte,Health Care,Biotechnology,2026-09-09,126.01000213623048,125.60350036621094,118.56250012715658,107.68233337402344,0.25557177435393497,0.10762093191781053,0.040802861599556595,0.003236388865233364,0.030557552432175283,152574994.12334442,0.0168256046148178,True,True,True,True,True,True,0.2857142857142857,0.23809523809523808,0.5238095238095238,12.857142857142856,9.9584523708143,9.523809523809524,1.1904761904761905,33.52988094224287,저과열,낮음,과열은 적지만 추가 상승 힘을 확인할 종목,126.01000213623048,118.56250012715658,7.447502009073901,133.45750414530437,140.90500615437827,1R 전,보유,허용,18,25.5571774353935,10.762093191781052,4.0802861599556595,0.3236388865233364,1.6825604614817797,152.57499412334442
NVDA,Nvidia,Information Technology,Semiconductors,2026-09-09,223.6699981689453,220.79950027465821,210.27249933878582,205.70346641540527,0.21357999427004448,0.06562915183392004,0.028367807673311818,0.013000472785112294,0.032054824974449225,28359327027.887115,0.02838059869511055,True,True,True,True,True,True,0.14285714285714285,1.0,0.8095238095238095,6.428571428571428,14.143059765048125,3.8095238095238093,5.0,29.381155003143363,저과열,낮음,과열은 적지만 추가 상승 힘을 확인할 종목,223.6699981689453,210.27249933878582,13.397498830159492,237.0674969991048,250.4649958292643,1R 전,보유,허용,19,21.357999427004447,6.562915183392004,2.836780767331182,1.3000472785112294,2.838059869511055,28359.327027887117
VEEV,Veeva Systems,Health Care,Health Care Technology,2026-09-09,260.79998779296875,259.9069999694824,213.19766743977866,190.32391726175945,0.21498233040454262,0.06703148796841818,0.10237545766530975,0.0034357975106142913,0.013037915525056842,501971061.9256592,0.04185783172373578,True,True,True,True,True,True,0.19047619047619047,0.7142857142857143,1.0,8.571428571428571,10.043913218834696,0.0,3.5714285714285716,22.18677036169184,일반,보통,무난한 상승추세 종목,260.79998779296875,239.93598876953126,20.863999023437486,281.66398681640624,302.5279858398437,1R 전,보유,허용,20,21.498233040454263,6.703148796841818,10.237545766530975,0.34357975106142913,4.185783172373577,501.97106192565917
CDW,CDW Corporation,Information Technology,Technology Distributors,2026-09-09,142.3699951171875,142.34886474609374,138.01846682230632,130.3295618057251,0.15141402010240013,0.0034631776662756852,0.05673424634820656,0.00014844074191566747,0.03531311000645876,239802335.8869171,0.03214980253309891,True,True,True,True,True,True,0.047619047619047616,0.3333333333333333,0.8571428571428571,2.142857142857143,8.635046032249573,2.857142857142858,1.6666666666666665,15.301712698916239,저과열,낮음,과열은 적지만 추가 상승 힘을 확인할 종목,142.3699951171875,138.01846682230632,4.351528294881177,146.72152341206868,151.07305170694985,1R 전,보유,허용,21,15.141402010240013,0.3463177666275685,5.673424634820656,0.014844074191566747,3.214980253309891,239.80233588691712
